order_id,product_id,qty,unit_price
1,P05,1,180
1,P01,4,89
2,P01,1,89
2,P03,1,45
2,P01,2,89
3,P01,1,89
3,P05,4,180
3,P02,3,240
4,P03,3,45
4,P07,3,18
5,P03,1,45
5,P07,2,18
6,P06,2,60
6,P02,1,240
6,P07,2,18
7,P03,4,45
8,P01,2,89
8,P06,1,60
9,P06,2,60
9,P01,1,89
9,P01,1,89
10,P05,1,180
10,P06,3,60
11,P05,2,180
11,P02,4,240
11,P03,1,45
12,P04,2,30
13,P04,2,30
14,P01,3,89
14,P02,2,240
14,P04,2,30
15,P04,4,30
15,P05,1,180
15,P01,2,89
16,P04,4,30
16,P04,4,30
17,P02,3,240
17,P07,2,18
18,P04,3,30
19,P04,3,30
19,P03,1,45
19,P07,4,18
20,P06,3,60
21,P05,3,180
22,P07,1,18
23,P05,3,180
23,P06,1,60
23,P07,2,18
24,P03,4,45
25,P04,4,30
26,P05,1,180
26,P02,1,240
27,P07,2,18
27,P01,1,89
27,P02,3,240
28,P06,3,60
28,P03,1,45
28,P02,1,240
29,P05,1,180
30,P02,1,240
30,P01,3,89
30,P03,4,45
31,P04,4,30
31,P05,3,180
31,P07,1,18
32,P05,1,180
32,P03,2,45
33,P04,1,30
33,P07,1,18
33,P04,2,30
34,P07,3,18
35,P02,2,240
35,P04,1,30
36,P04,1,30
36,P06,3,60
36,P06,1,60
37,P03,3,45
37,P07,2,18
38,P03,4,45
39,P03,3,45
39,P07,2,18
39,P06,2,60
40,P05,3,180
40,P07,1,18
40,P03,3,45
41,P05,2,180
42,P06,4,60
43,P05,1,180
44,P07,1,18
44,P01,3,89
44,P07,1,18
45,P06,4,60
46,P07,2,18
46,P01,4,89
46,P04,3,30
47,P04,1,30
47,P02,1,240
48,P05,1,180
49,P03,1,45
49,P05,2,180
49,P02,1,240
50,P06,1,60
51,P05,2,180
51,P04,1,30
51,P02,1,240
52,P06,4,60
53,P01,4,89
53,P04,4,30
54,P07,4,18
54,P03,2,45
54,P05,3,180
55,P03,3,45
55,P01,1,89
56,P01,3,89
57,P04,2,30
57,P04,4,30
57,P03,2,45
58,P04,2,30
59,P04,2,30
59,P07,2,18
60,P01,2,89
61,P06,4,-60
61,P07,3,18
62,P02,3,240
62,P07,3,18
62,P02,4,240
63,P03,4,45
64,P01,1,89
65,P04,3,30
65,P01,4,89
66,P06,2,60
66,P06,4,60
67,P01,4,89
68,P05,1,180
68,P01,1,89
68,P02,3,240
69,P05,3,180
69,P06,4,60
69,P07,4,18
70,P06,2,60
71,P01,2,89
71,P06,4,60
72,P07,1,18
73,P01,1,89
73,P02,3,240
74,P07,3,18
75,P06,1,60
75,P06,1,60
75,P07,3,18
76,P02,2,240
77,P06,4,60
78,P04,2,30
79,P06,2,60
80,P04,3,30
80,P07,3,18
80,P05,4,180
81,P05,1,180
82,P04,3,30
82,P07,1,18
83,P06,1,60
84,P04,4,30
84,P06,1,60
85,P04,4,30
85,P05,2,180
85,P04,3,30
86,P02,3,240
86,P06,4,60
86,P04,1,30
87,P05,4,180
87,P04,1,30
88,P04,4,30
89,P01,4,89
89,P01,1,89
90,P04,3,30
91,P05,3,180
91,P07,3,18
92,P04,2,30
93,P05,1,180
93,P05,1,180
93,P02,2,240
94,P01,3,89
95,P01,4,89
95,P02,3,240
95,P02,3,240
96,P07,3,18
96,P07,1,18
96,P01,1,89
97,P07,1,18
97,P04,1,30
98,P04,1,30
98,P05,2,180
99,P02,3,240
99,P03,3,45
99,P07,1,18
100,P05,3,180
100,P03,3,45
101,P04,3,30
101,P06,3,60
101,P03,4,45
102,P02,4,240
102,P05,4,180
103,P03,3,45
103,P06,1,60
104,P02,4,240
105,P03,4,45
105,P05,4,180
105,P03,4,45
106,P07,4,18
106,P05,2,180
107,P05,2,180
107,P05,3,180
107,P05,2,180
108,P05,4,180
108,P01,2,89
108,P02,2,240
109,P05,2,180
110,P07,1,18
110,P04,1,30
110,P03,4,45
111,P05,4,180
111,P03,1,45
112,P03,3,45
113,P04,2,30
113,P06,2,60
113,P06,1,60
114,P06,4,60
114,P04,2,30
114,P05,4,180
115,P02,1,240
116,P07,3,18
116,P04,4,30
117,P07,1,18
117,P06,3,60
118,P06,1,60
119,P04,1,30
119,P02,3,240
119,P06,1,60
120,P06,1,60
121,P05,1,180
121,P04,3,30
121,P06,3,60
122,P04,3,30
122,P02,3,240
123,P07,1,18
123,P04,2,30
124,P01,2,89
125,P04,2,30
126,P01,1,89
126,P07,2,18
127,P04,1,30
127,P02,3,240
128,P05,3,180
128,P03,4,45
128,P07,4,18
129,P07,4,18
129,P04,2,-30
130,P06,2,60
131,P07,2,18
131,P07,3,18
131,P02,2,240
132,P05,3,180
133,P03,3,45
133,P05,3,180
134,P01,4,89
134,P01,1,89
134,P01,3,89
135,P01,4,89
135,P02,2,240
136,P06,1,60
136,P06,2,60
136,P02,3,240
137,P05,1,180
137,P01,4,89
137,P02,4,240
138,P07,1,18
138,P02,3,240
139,P07,2,18
139,P02,2,240
140,P07,1,18
140,P02,3,240
141,P06,4,60
142,P06,4,60
142,P05,4,180
142,P01,2,89
143,P07,2,18
144,P07,2,18
144,P02,1,240
145,P02,3,240
145,P01,3,89
146,P06,1,60
146,P01,3,89
146,P06,3,60
147,P05,4,180
147,P07,4,18
148,P01,4,89
148,P04,2,30
148,P05,4,180
149,P04,4,30
149,P03,2,45
150,P04,4,30
150,P02,1,240
150,P03,3,45
151,P01,1,89
151,P07,4,18
152,P03,2,45
152,P01,1,89
152,P03,4,45
153,P07,4,18
153,P01,3,89
153,P01,4,89
154,P02,4,240
154,P01,4,89
154,P02,4,240
155,P07,3,18
155,P07,1,18
156,P06,2,60
156,P02,2,240
157,P01,3,89
158,P04,4,30
158,P01,2,89
158,P03,2,45
159,P06,2,60
159,P03,2,45
159,P07,4,18
160,P07,3,18
160,P03,2,45
161,P07,2,18
161,P05,4,180
162,P06,4,60
162,P05,4,180
162,P02,2,240
163,P03,3,45
163,P06,3,60
163,P01,4,89
164,P02,2,240
164,P02,3,240
165,P05,2,180
165,P01,3,89
165,P01,1,89
166,P04,4,30
166,P05,2,180
167,P05,3,180
167,P02,1,240
168,P02,4,240
169,P03,2,45
170,P06,2,60
170,P03,3,45
170,P01,2,89
171,P03,2,45
171,P02,1,240
171,P01,4,89
172,P03,1,45
172,P04,3,30
173,P05,4,180
174,P01,3,89
175,P01,3,89
175,P01,4,89
176,P02,4,240
176,P04,1,30
177,P01,4,89
178,P05,1,180
178,P07,4,18
179,P01,4,89
179,P02,3,240
180,P06,4,60
180,P03,3,45
181,P04,3,30
181,P05,3,180
181,P06,4,60
182,P06,1,60
183,P06,4,60
183,P01,2,89
184,P02,2,240
184,P07,3,18
184,P04,1,30
185,P02,2,240
186,P05,2,180
187,P04,2,30
187,P02,4,240
187,P01,2,89
188,P07,3,18
188,P05,3,180
188,P07,2,18
189,P02,3,240
189,P02,1,240
189,P01,1,89
190,P04,1,30
190,P06,3,60
190,P07,2,18
191,P04,3,30
191,P07,2,18
191,P07,2,18
192,P03,1,45
192,P01,2,89
193,P07,3,18
193,P06,4,60
194,P05,4,180
194,P04,2,30
195,P06,1,60
196,P03,3,45
197,P05,4,180
197,P03,3,45
198,P04,2,30
198,P04,1,30
199,P04,3,30
200,P01,4,89
201,P07,3,18
202,P03,4,45
203,P03,3,45
203,P03,3,45
204,P02,2,240
204,P01,2,89
204,P04,1,30
205,P04,3,30
205,P07,2,18
205,P05,2,180
206,P05,2,180
206,P03,4,45
207,P01,1,89
208,P05,2,180
208,P06,3,60
208,P04,2,30
209,P07,2,18
209,P07,4,18
209,P07,4,18
210,P03,1,45
210,P05,3,180
211,P01,2,89
212,P07,4,18
213,P07,1,18
213,P04,2,30
213,P06,2,60
214,P02,2,240
215,P06,3,60
215,P07,4,18
215,P05,2,180
216,P02,2,240
216,P01,2,89
216,P06,2,60
217,P05,2,180
218,P04,1,30
218,P02,4,240
219,P07,2,18
219,P02,4,240
220,P03,2,45
220,P03,1,45
221,P01,1,89
221,P06,3,60
222,P07,4,18
222,P06,4,60
222,P07,2,18
223,P02,2,240
224,P05,2,180
225,P06,4,60
225,P04,1,30
226,P04,1,30
226,P07,2,18
227,P07,3,18
228,P05,3,180
228,P03,3,45
229,P03,1,45
229,P04,4,30
229,P03,3,45
230,P04,2,30
230,P01,4,89
231,P03,1,45
231,P02,4,240
231,P02,3,240
232,P03,3,45
232,P06,2,60
232,P06,2,60
233,P06,4,60
233,P02,3,240
234,P06,1,60
234,P02,1,240
235,P06,3,60
235,P07,2,-18
235,P04,2,30
236,P06,4,60
236,P03,4,45
236,P07,2,18
237,P06,1,60
237,P06,4,60
237,P06,3,60
238,P05,4,180
238,P04,2,30
239,P01,4,89
240,P03,2,45
241,P04,4,30
241,P04,3,30
242,P02,2,240
243,P04,4,30
243,P02,2,240
243,P02,2,240
244,P02,2,240
245,P06,4,60
245,P04,4,30
245,P06,3,60
246,P04,1,30
247,P06,1,60
247,P05,4,180
248,P07,3,18
248,P05,2,180
249,P05,1,180
249,P07,3,18
250,P02,4,240
250,P02,4,240
251,P04,2,30
251,P01,4,89
252,P06,3,60
252,P04,3,30
253,P05,2,180
253,P04,3,30
253,P06,2,60
254,P03,2,45
255,P06,3,60
255,P02,2,240
255,P03,4,45
256,P06,1,60
256,P07,2,18
257,P02,2,240
258,P02,4,240
259,P01,2,89
259,P04,3,30
259,P07,2,18
260,P03,3,45
260,P04,3,30
260,P04,1,30
261,P07,4,18
262,P02,2,240
262,P02,4,240
263,P02,4,240
264,P07,2,18
264,P05,4,180
265,P06,3,60
265,P04,3,30
266,P04,4,30
267,P05,1,180
267,P03,2,45
267,P01,4,89
268,P06,2,60
268,P03,2,45
269,P03,4,45
269,P01,1,89
269,P07,2,18
270,P06,3,60
270,P06,2,60
270,P02,4,240
271,P07,3,18
271,P03,1,45
272,P05,3,180
273,P05,3,180
273,P01,3,89
273,P07,3,18
274,P06,4,60
275,P06,4,60
276,P01,1,89
276,P07,2,18
276,P02,4,240
277,P05,1,180
277,P07,3,18
277,P04,3,30
278,P04,4,30
279,P01,2,89
279,P04,3,30
280,P02,1,240
280,P04,4,30
280,P01,4,89
281,P03,3,45
281,P02,1,240
282,P06,3,60
283,P03,1,45
283,P05,3,180
284,P01,3,89
284,P03,2,45
285,P01,4,89
285,P03,2,45
285,P04,2,30
286,P03,4,-45
286,P04,1,30
287,P03,1,45
288,P07,2,18
289,P04,4,-30
289,P05,3,180
290,P02,4,240
290,P03,1,45
290,P02,3,240
291,P05,1,180
291,P06,1,60
291,P06,2,60
292,P01,3,89
292,P02,1,240
292,P06,3,60
293,P05,1,180
294,P07,3,18
294,P04,3,30
294,P03,2,45
295,P01,2,89
296,P04,4,30
296,P01,1,89
296,P02,2,240
297,P04,1,30
297,P05,3,180
297,P02,2,240
298,P03,2,45
299,P06,1,60
299,P03,4,45
300,P02,4,240
301,P01,3,89
301,P05,3,180
301,P07,3,18
302,P06,1,60
302,P04,4,30
302,P07,4,18
303,P06,4,60
304,P06,4,60
304,P01,1,89
305,P04,4,30
306,P07,1,18
306,P03,1,45
306,P07,1,18
307,P04,1,30
307,P04,4,30
308,P05,3,180
308,P07,4,18
309,P06,4,60
309,P01,2,89
309,P07,1,18
310,P01,3,89
310,P03,2,45
310,P03,4,45
311,P06,4,60
312,P03,2,45
312,P04,2,30
312,P01,3,89
313,P02,3,240
313,P04,3,30
313,P06,4,60
314,P02,4,240
314,P03,3,45
315,P06,3,60
316,P07,3,18
317,P05,1,180
318,P04,1,30
319,P01,1,89
320,P07,2,18
320,P07,2,18
321,P05,4,180
321,P07,3,18
321,P04,3,30
322,P02,3,240
322,P03,1,45
323,P04,1,30
324,P04,1,30
324,P02,3,240
324,P01,4,89
325,P04,4,30
326,P07,4,18
326,P06,1,60
327,P04,2,30
327,P01,4,89
328,P01,2,89
328,P04,2,30
328,P04,3,30
329,P07,2,18
329,P07,4,18
330,P05,4,180
330,P01,3,89
331,P02,3,240
331,P01,2,89
331,P01,2,89
332,P03,1,45
333,P07,4,18
333,P06,2,60
334,P03,2,45
334,P06,1,60
335,P04,3,30
335,P01,4,89
335,P07,2,18
336,P02,2,240
336,P07,4,18
337,P01,4,89
337,P03,3,45
338,P02,3,240
338,P03,3,45
339,P05,2,180
339,P04,3,30
340,P04,4,30
341,P01,4,89
341,P03,3,45
341,P04,3,30
342,P01,4,89
342,P01,2,89
343,P04,4,30
344,P02,1,240
344,P01,2,89
345,P03,2,45
345,P03,2,45
345,P04,2,30
346,P04,1,30
347,P05,2,180
348,P06,4,60
349,P05,4,180
349,P05,1,180
349,P01,3,89
350,P01,1,89
350,P03,3,45
351,P03,4,45
352,P03,1,45
353,P05,3,180
353,P01,4,89
354,P05,1,180
354,P06,1,60
355,P04,3,30
356,P05,4,180
356,P02,4,240
357,P01,4,89
357,P05,4,180
357,P03,4,45
358,P05,2,180
358,P04,3,30
359,P03,3,45
360,P06,1,60
360,P04,3,30
361,P04,2,30
361,P07,2,18
361,P01,4,89
362,P01,4,89
362,P01,3,89
363,P01,3,89
363,P06,1,60
364,P03,3,45
364,P07,3,18
365,P06,1,60
365,P05,2,180
365,P01,3,89
366,P02,3,240
366,P05,4,180
367,P05,2,180
367,P06,3,60
367,P01,3,89
368,P02,4,240
369,P06,2,60
369,P01,1,89
370,P01,4,89
371,P07,4,18
372,P03,3,45
372,P04,1,30
373,P01,1,89
374,P02,2,240
374,P01,3,89
375,P03,4,45
375,P03,4,45
376,P01,2,89
377,P03,4,45
377,P02,1,240
378,P05,1,180
378,P04,2,30
378,P02,3,240
379,P05,4,180
379,P06,4,60
379,P01,1,89
380,P01,3,89
381,P03,4,45
381,P03,3,45
381,P01,3,89
382,P01,4,89
382,P07,2,18
382,P01,3,89
383,P03,1,45
383,P06,4,60
384,P05,4,180
384,P06,3,60
384,P07,1,18
385,P04,2,30
385,P07,1,18
385,P02,2,240
386,P05,2,180
386,P05,4,180
387,P01,3,89
387,P01,1,89
387,P03,2,45
388,P05,2,180
389,P04,3,30
390,P02,4,240
390,P01,1,89
390,P01,3,89
391,P01,4,89
392,P07,1,18
392,P01,4,89
393,P05,2,180
393,P06,3,60
393,P06,2,60
394,P03,3,45
395,P02,1,240
395,P01,4,89
396,P05,1,180
396,P07,3,18
397,P07,2,18
397,P03,1,45
398,P03,3,45
398,P03,3,45
398,P01,2,-89
399,P03,4,45
400,P02,2,240
400,P04,4,30
400,P02,3,240
401,P04,1,30
402,P04,1,30
403,P03,1,45
403,P05,4,180
404,P02,3,240
405,P02,1,240
406,P05,2,180
406,P01,2,89
407,P04,4,30
408,P05,3,180
408,P03,3,45
409,P05,1,180
409,P04,2,30
410,P07,1,18
410,P06,2,60
410,P04,1,30
411,P04,1,30
412,P01,2,89
413,P04,1,30
413,P07,1,18
414,P04,3,30
414,P07,2,18
414,P04,4,30
415,P03,4,45
415,P02,1,240
415,P03,3,45
416,P04,4,30
416,P04,4,30
417,P03,1,45
417,P07,1,18
418,P03,4,45
418,P03,2,45
419,P02,2,240
419,P07,4,18
420,P06,4,60
420,P06,2,60
420,P02,3,240
421,P03,1,45
422,P02,3,240
422,P02,2,240
423,P04,1,30
424,P06,1,60
424,P02,3,240
424,P04,1,30
425,P01,4,89
426,P01,3,89
427,P05,4,180
427,P05,3,180
428,P07,2,18
428,P01,3,89
429,P05,4,180
430,P03,3,45
430,P04,1,30
430,P04,4,30
431,P07,4,18
432,P04,3,30
433,P03,2,45
433,P06,1,60
433,P01,2,89
434,P04,4,30
435,P05,4,180
435,P05,1,180
436,P04,2,30
436,P04,1,30
437,P03,2,45
437,P03,4,45
437,P06,4,60
438,P02,2,240
438,P01,2,-89
438,P02,4,240
439,P04,1,30
440,P04,4,30
440,P04,3,30
441,P01,3,89
441,P06,1,60
442,P06,3,60
442,P07,3,18
442,P07,3,18
443,P01,3,89
443,P02,3,240
443,P06,3,60
444,P04,4,30
444,P04,4,30
445,P04,2,30
446,P04,1,30
446,P04,1,30
447,P06,2,60
447,P02,1,240
448,P01,2,89
448,P05,4,180
448,P06,4,60
449,P06,1,60
449,P01,2,89
450,P04,2,30
450,P01,2,89
450,P03,2,45
451,P04,4,30
452,P01,4,89
452,P04,3,30
452,P07,4,18
453,P02,2,240
454,P05,2,180
454,P04,1,30
455,P02,1,240
456,P05,4,180
456,P06,4,60
457,P03,3,45
457,P05,3,180
458,P06,3,60
458,P04,1,30
458,P07,2,18
459,P01,2,89
460,P07,4,18
460,P02,1,240
461,P02,1,240
462,P05,2,180
463,P03,3,45
463,P02,4,240
464,P05,2,180
465,P01,2,89
465,P05,4,180
465,P05,1,180
466,P06,4,60
466,P02,2,240
467,P05,3,180
467,P01,3,89
467,P05,4,180
468,P02,1,240
469,P04,4,30
470,P01,4,89
471,P01,1,89
472,P05,1,180
472,P03,4,45
472,P05,4,180
473,P04,4,30
473,P06,1,60
474,P01,3,89
475,P07,2,18
475,P05,1,180
475,P04,2,30
476,P02,1,240
477,P03,1,45
477,P01,1,89
477,P07,4,18
478,P07,2,18
478,P03,1,45
479,P06,2,60
480,P06,2,60
480,P05,4,180
481,P07,2,18
481,P01,4,89
482,P07,4,18
482,P07,3,18
482,P05,1,180
483,P06,1,60
484,P07,1,18
485,P02,1,240
485,P03,1,45
485,P04,2,30
486,P05,1,180
486,P01,3,89
486,P02,4,240
487,P05,1,180
487,P03,3,45
487,P04,2,30
488,P01,1,89
489,P01,3,89
489,P05,1,180
490,P07,2,18
490,P04,1,30
491,P01,1,89
491,P03,4,45
492,P02,4,240
492,P06,3,60
492,P06,4,60
493,P04,4,30
494,P07,2,18
495,P07,1,18
495,P07,4,18
495,P02,4,240
496,P07,3,18
496,P06,1,60
496,P07,1,18
497,P06,1,60
497,P05,4,180
497,P07,2,18
498,P04,2,30
498,P07,3,18
498,P03,4,45
499,P04,4,30
499,P03,4,45
500,P06,4,60
501,P04,2,30
501,P06,2,60
501,P03,3,45
502,P07,4,18
503,P02,3,240
504,P05,1,180
505,P05,1,180
505,P04,1,30
505,P04,3,30
506,P06,2,60
507,P06,3,60
508,P03,1,45
508,P05,1,180
509,P02,4,240
510,P03,1,45
510,P07,1,18
511,P06,1,60
511,P07,4,18
512,P02,2,240
513,P06,2,60
513,P03,4,45
514,P04,1,30
514,P02,1,240
515,P02,2,240
515,P07,1,18
516,P05,2,180
516,P02,2,240
516,P05,3,180
517,P04,2,30
517,P05,1,180
517,P06,1,60
518,P02,3,240
518,P02,1,240
519,P03,4,45
520,P02,2,240
520,P02,2,240
521,P05,1,180
522,P01,1,89
523,P07,4,18
523,P06,2,60
524,P03,2,45
524,P04,1,30
525,P05,4,180
525,P02,1,240
525,P05,4,180
526,P05,1,180
527,P03,1,45
527,P03,3,45
527,P06,3,60
528,P07,3,18
528,P07,4,18
529,P04,1,30
530,P07,2,18
530,P01,3,89
531,P01,1,89
532,P02,3,240
532,P01,2,89
533,P02,2,240
533,P05,4,180
534,P06,1,60
534,P01,3,89
535,P05,1,180
535,P07,4,18
536,P05,4,180
536,P04,1,30
537,P04,4,30
537,P06,2,60
537,P01,4,89
538,P03,3,45
538,P06,3,60
539,P07,1,18
539,P06,3,60
539,P06,2,60
540,P06,4,60
541,P07,1,18
542,P02,1,240
543,P02,2,240
544,P04,2,30
544,P03,4,45
545,P02,2,240
545,P05,2,180
545,P01,2,89
546,P03,3,45
546,P02,3,240
546,P03,2,45
547,P02,1,240
547,P04,4,30
547,P01,1,89
548,P07,1,18
548,P01,3,89
548,P02,2,240
549,P07,1,18
549,P05,1,180
549,P02,4,240
550,P04,2,30
550,P05,2,180
550,P05,2,180
551,P06,1,60
551,P04,4,30
552,P07,3,18
553,P07,2,18
553,P02,3,240
554,P07,1,18
554,P04,1,30
555,P07,3,18
555,P05,1,180
555,P03,2,45
556,P03,2,45
557,P04,2,30
558,P05,2,180
558,P07,4,18
559,P02,1,240
560,P03,2,45
560,P05,1,180
561,P02,4,240
561,P05,1,180
562,P05,1,180
562,P07,3,18
562,P03,2,45
563,P07,2,18
563,P03,3,45
564,P01,4,89
564,P06,1,60
565,P03,1,45
565,P05,1,180
565,P02,4,240
566,P03,4,45
567,P01,3,89
567,P01,1,89
568,P03,4,45
569,P02,4,240
570,P03,2,45
570,P05,4,180
570,P02,2,240
571,P07,4,18
571,P05,1,180
572,P01,3,89
572,P05,4,180
573,P02,2,240
574,P06,3,60
574,P07,3,18
575,P03,4,45
575,P02,1,240
576,P02,4,240
576,P05,1,180
576,P07,4,18
577,P01,2,89
577,P03,1,45
578,P05,2,180
579,P05,1,180
579,P05,1,180
579,P03,1,45
580,P05,4,180
580,P03,3,45
581,P02,2,240
582,P02,2,240
583,P03,3,45
584,P05,2,180
584,P01,1,89
584,P02,4,240
585,P07,2,18
585,P04,1,30
585,P01,4,89
586,P07,4,18
586,P07,3,18
586,P01,3,89
587,P02,4,240
588,P03,4,45
588,P01,2,89
589,P04,4,30
589,P02,4,240
590,P02,1,240
590,P01,1,89
590,P04,1,30
591,P05,2,180
591,P02,4,240
592,P05,1,180
593,P05,2,180
593,P01,2,89
593,P04,3,30
594,P03,4,45
594,P06,3,60
594,P05,3,180
595,P06,1,60
595,P01,3,89
596,P07,4,18
597,P07,3,18
598,P02,3,240
599,P03,3,45
599,P04,2,30
600,P07,2,18
601,P02,1,240
601,P06,3,60
601,P02,3,240
602,P03,2,45
603,P02,4,240
603,P06,2,60
603,P04,3,30
604,P02,2,240
604,P05,3,180
605,P02,2,240
606,P01,2,89
606,P07,4,18
607,P03,2,45
608,P01,4,89
608,P01,2,89
608,P07,3,18
609,P07,3,18
609,P02,4,240
609,P05,4,180
610,P07,3,18
610,P01,4,89
611,P06,4,60
612,P05,4,180
613,P04,4,30
613,P02,3,240
613,P04,3,30
614,P05,3,180
614,P01,3,89
614,P04,1,30
615,P03,1,45
616,P07,1,18
616,P07,1,18
616,P01,1,89
617,P07,1,18
617,P01,1,89
617,P04,2,30
618,P03,4,45
618,P03,2,45
619,P04,1,30
619,P02,1,240
619,P04,3,30
620,P03,2,45
620,P04,2,30
621,P01,1,89
621,P03,3,45
622,P07,1,18
623,P05,1,180
623,P03,2,45
624,P03,2,45
624,P05,1,180
624,P06,3,60
625,P02,2,240
625,P01,3,89
625,P04,2,30
626,P07,1,18
626,P05,4,180
626,P02,1,240
627,P04,3,30
628,P07,1,18
628,P04,4,30
629,P02,2,240
630,P01,4,89
630,P07,1,18
630,P01,3,89
631,P03,1,45
631,P01,1,89
632,P05,2,180
633,P02,4,240
633,P05,3,180
633,P06,4,60
634,P02,1,240
634,P02,4,240
635,P01,4,89
635,P05,1,180
636,P07,3,18
636,P05,3,180
637,P02,3,240
638,P03,2,45
638,P01,4,89
638,P04,4,30
639,P04,2,30
639,P06,4,60
639,P04,1,30
640,P05,4,180
640,P02,3,240
640,P06,3,60
641,P02,3,240
641,P03,2,45
642,P05,2,180
643,P02,1,240
643,P04,3,30
644,P07,4,18
644,P01,4,89
644,P04,3,30
645,P07,3,18
645,P02,4,240
645,P05,3,180
646,P01,1,89
647,P01,4,89
647,P03,4,45
647,P02,1,240
648,P02,2,240
649,P01,1,89
649,P07,4,18
649,P02,2,240
650,P07,2,18
650,P01,3,89
650,P01,3,89
651,P02,3,240
652,P05,3,180
653,P04,1,30
654,P07,3,18
654,P01,3,89
655,P04,3,30
656,P05,1,180
656,P05,3,180
657,P07,2,18
657,P05,2,180
658,P03,1,45
658,P03,4,45
659,P07,2,18
659,P01,1,89
660,P04,1,30
661,P05,2,180
661,P01,3,89
662,P03,4,45
662,P07,3,18
662,P07,1,18
663,P01,1,89
664,P02,4,240
665,P07,2,18
665,P06,2,60
665,P06,1,60
666,P04,4,30
667,P05,1,180
668,P01,1,89
669,P04,4,30
669,P02,2,240
669,P02,1,240
670,P07,3,18
670,P01,4,89
671,P06,1,60
671,P04,3,30
672,P01,3,89
672,P07,3,18
673,P07,2,18
673,P06,4,60
673,P03,2,45
674,P05,3,180
675,P02,2,240
675,P04,2,30
676,P07,2,18
676,P05,3,180
677,P02,1,240
678,P01,2,89
678,P03,4,45
679,P06,2,60
679,P04,2,30
680,P05,1,180
680,P05,1,180
681,P07,1,18
681,P07,1,18
681,P05,3,180
682,P02,1,240
682,P02,4,240
682,P06,2,60
683,P03,1,45
684,P07,1,18
684,P03,1,45
684,P01,1,89
685,P03,1,45
686,P04,4,30
686,P06,4,60
687,P03,2,45
687,P01,2,89
687,P03,2,45
688,P02,4,240
688,P01,3,89
688,P05,1,180
689,P07,2,18
689,P06,4,60
689,P01,1,89
690,P01,1,89
690,P02,3,240
690,P04,2,30
691,P01,2,89
691,P02,4,240
691,P06,1,60
692,P06,1,60
693,P01,4,89
694,P02,1,240
694,P02,3,240
694,P03,4,45
695,P03,4,45
696,P04,4,30
696,P03,2,45
696,P05,2,180
697,P06,4,60
697,P03,2,45
697,P07,3,18
698,P07,4,18
698,P03,2,45
699,P04,4,30
700,P06,2,60
700,P04,1,30
701,P04,3,30
701,P03,2,45
702,P01,3,89
702,P02,1,240
703,P01,4,89
704,P05,4,180
704,P03,2,45
705,P01,2,89
705,P06,1,60
705,P02,1,240
706,P05,1,180
707,P03,4,45
707,P07,3,18
707,P03,1,45
708,P02,1,240
708,P06,3,60
708,P05,4,180
709,P02,3,240
710,P06,4,60
710,P07,3,18
710,P06,2,60
711,P01,4,89
711,P01,1,89
712,P02,3,240
712,P02,2,240
713,P05,4,180
714,P05,3,180
714,P04,2,30
715,P04,2,30
716,P06,1,60
716,P07,1,18
717,P01,4,89
717,P06,2,60
717,P03,4,45
718,P03,1,45
718,P01,3,89
718,P06,4,60
719,P04,4,30
720,P04,1,30
720,P07,2,18
721,P05,2,180
721,P07,3,18
722,P05,1,180
722,P03,2,45
723,P03,2,45
723,P04,1,30
723,P02,3,240
724,P06,3,60
725,P06,4,60
725,P07,1,18
725,P01,3,89
726,P01,4,89
727,P02,1,240
727,P07,3,18
728,P06,3,60
728,P06,4,60
729,P02,4,240
729,P07,2,18
730,P01,2,89
730,P03,4,45
731,P04,1,30
732,P01,3,89
732,P05,2,180
733,P01,2,89
733,P06,2,60
734,P06,2,60
734,P02,2,240
735,P02,4,240
736,P01,2,89
736,P05,1,180
737,P04,1,30
737,P02,2,240
738,P02,2,240
738,P05,3,180
739,P01,4,89
739,P01,1,89
740,P04,1,30
740,P07,2,18
741,P01,1,89
742,P02,3,240
743,P03,1,45
743,P03,4,45
743,P04,2,30
744,P01,4,89
744,P01,2,89
744,P02,3,240
745,P02,1,240
745,P03,2,45
745,P02,2,240
746,P05,3,180
747,P02,4,240
747,P01,1,89
748,P07,1,18
749,P01,1,89
750,P07,2,18
750,P04,2,30
750,P04,3,30
751,P05,3,180
751,P02,3,240
752,P06,3,60
752,P06,1,60
753,P02,2,240
753,P05,1,180
753,P04,2,30
754,P04,1,30
754,P04,3,30
754,P01,1,89
755,P02,3,240
755,P06,3,60
755,P06,3,60
756,P01,1,89
757,P04,2,30
757,P06,2,60
758,P02,3,240
758,P07,2,18
758,P03,3,45
759,P03,1,45
759,P01,3,89
759,P07,1,18
760,P03,1,45
760,P03,1,45
761,P02,2,240
761,P02,1,240
761,P01,2,89
762,P07,3,18
762,P04,4,30
763,P04,1,30
764,P01,2,89
764,P05,2,180
765,P01,4,89
765,P01,1,89
765,P07,2,18
766,P03,2,45
767,P01,2,89
767,P03,4,45
767,P06,4,60
768,P02,4,240
768,P03,3,45
768,P01,2,89
769,P05,1,180
769,P06,3,60
769,P06,4,60
770,P07,3,18
770,P06,1,60
771,P03,1,45
771,P07,2,18
771,P07,2,18
772,P03,1,45
772,P07,1,18
773,P07,4,18
774,P06,1,60
775,P04,4,30
775,P05,3,180
776,P03,4,45
776,P06,4,60
776,P06,3,60
777,P01,3,89
778,P01,2,89
779,P03,3,45
780,P03,1,45
780,P04,3,30
781,P01,2,89
781,P06,2,60
782,P03,2,45
783,P04,1,30
783,P06,2,60
784,P05,3,180
784,P01,4,89
784,P06,2,60
785,P03,1,45
785,P06,4,60
785,P04,1,30
786,P01,1,89
787,P04,1,30
787,P07,3,18
788,P06,4,60
789,P05,4,180
790,P04,2,30
791,P05,2,180
792,P04,4,30
792,P05,4,180
792,P05,2,180
793,P01,4,89
793,P01,2,89
793,P05,3,180
794,P04,3,30
795,P07,4,18
795,P03,2,45
795,P07,4,18
796,P01,1,89
796,P04,1,30
797,P07,2,18
797,P02,3,240
797,P03,2,45
798,P01,2,89
798,P04,3,30
798,P07,3,18
799,P07,2,18
799,P03,2,45
800,P02,3,240
800,P05,4,180
800,P01,4,89
801,P03,3,45
801,P01,2,89
802,P05,2,180
803,P05,2,180
804,P06,2,60
805,P06,1,60
805,P07,2,18
806,P01,1,89
806,P01,1,89
806,P05,1,180
807,P06,1,60
807,P02,3,240
808,P06,3,60
809,P05,3,180
809,P01,3,89
810,P02,2,240
810,P03,3,45
810,P05,3,180
811,P03,4,45
811,P03,3,45
811,P04,3,30
812,P03,1,45
812,P07,4,18
812,P04,3,30
813,P07,1,18
814,P03,1,45
814,P02,2,240
815,P02,4,240
815,P02,3,240
815,P04,1,30
816,P02,3,240
817,P06,4,60
818,P03,3,45
818,P04,4,30
819,P06,2,60
819,P02,2,240
819,P01,3,89
820,P06,4,60
820,P04,3,30
821,P04,3,30
822,P05,1,180
823,P01,4,89
823,P04,3,30
824,P02,1,240
824,P02,4,240
824,P02,1,240
825,P05,1,180
825,P02,2,240
825,P02,1,240
826,P03,3,45
826,P02,4,240
827,P05,4,180
828,P04,4,30
828,P05,3,180
829,P07,4,18
829,P07,3,18
830,P01,4,89
830,P04,1,30
831,P03,2,45
831,P06,3,60
831,P04,1,30
832,P01,3,89
833,P05,2,180
834,P06,1,60
835,P04,1,30
835,P06,2,60
835,P06,2,60
836,P03,3,45
836,P07,2,18
837,P05,1,180
837,P06,4,60
837,P04,4,30
838,P02,3,240
839,P05,4,180
839,P01,1,89
839,P07,1,18
840,P01,1,89
841,P04,3,30
841,P05,4,180
842,P02,1,240
842,P05,1,180
843,P02,1,240
843,P01,2,89
844,P04,3,30
845,P07,2,18
845,P05,4,180
845,P03,1,45
846,P04,3,30
846,P05,4,180
846,P03,2,45
847,P05,4,180
847,P01,4,89
847,P07,2,18
848,P06,3,60
848,P01,4,89
849,P07,4,18
849,P06,1,60
850,P04,2,30
850,P02,4,240
850,P06,3,60
851,P06,1,60
852,P02,1,240
852,P06,1,60
852,P07,3,18
853,P01,2,89
854,P05,4,180
854,P01,2,89
854,P07,4,18
855,P01,4,89
855,P06,2,60
856,P06,1,60
857,P05,4,180
857,P02,3,240
857,P07,2,18
858,P03,4,45
858,P02,1,240
858,P04,1,30
859,P02,3,240
859,P05,2,180
859,P02,3,240
860,P03,1,45
860,P05,2,180
860,P06,1,60
861,P05,1,180
862,P05,1,180
862,P07,4,18
863,P01,2,89
863,P02,4,240
864,P04,2,30
864,P02,2,240
865,P05,2,180
866,P07,3,18
867,P04,2,30
867,P02,4,240
867,P07,4,18
868,P05,3,180
868,P05,4,180
868,P07,2,18
869,P01,4,89
869,P05,4,180
869,P06,4,60
870,P01,4,89
871,P07,3,18
871,P04,3,30
872,P03,3,45
872,P07,1,18
873,P06,1,60
874,P05,3,180
875,P06,2,60
876,P01,1,89
876,P06,1,60
876,P07,1,18
877,P01,2,89
877,P07,3,18
877,P02,1,240
878,P03,3,45
879,P03,2,45
880,P02,4,240
880,P07,2,18
881,P04,1,30
881,P01,3,89
881,P04,1,30
882,P01,2,89
883,P07,2,18
884,P03,1,45
884,P01,2,89
884,P01,1,89
885,P04,4,30
885,P05,2,180
886,P01,2,89
886,P07,4,18
887,P07,2,18
887,P04,1,30
887,P02,3,240
888,P06,3,60
889,P07,2,18
889,P04,2,30
890,P05,3,180
890,P02,1,240
890,P01,3,89
891,P07,3,18
892,P02,1,240
893,P04,4,30
893,P04,2,30
894,P03,1,45
894,P03,2,45
895,P07,1,18
895,P01,1,89
896,P07,1,18
897,P03,1,45
898,P07,1,18
898,P06,1,60
899,P07,3,18
900,P03,4,45
900,P04,1,30
900,P03,2,45
901,P07,2,18
901,P07,4,18
901,P07,4,18
902,P02,3,240
902,P02,1,240
902,P07,2,18
903,P01,4,89
903,P05,1,180
904,P04,2,30
904,P03,3,45
905,P06,4,60
906,P06,2,60
906,P06,4,60
906,P03,1,45
907,P05,4,180
907,P05,3,180
907,P03,3,45
908,P04,4,30
908,P01,2,89
909,P02,2,240
909,P04,1,30
910,P02,4,240
910,P06,3,60
911,P05,1,180
911,P04,1,30
911,P07,3,18
912,P01,3,89
912,P03,1,45
912,P04,4,30
913,P04,3,30
914,P07,4,18
914,P04,1,30
915,P01,1,89
916,P06,1,60
916,P04,3,30
916,P05,1,180
917,P07,2,18
917,P02,4,240
917,P07,1,18
918,P05,3,180
919,P04,2,30
919,P03,4,45
920,P06,2,60
920,P03,2,45
921,P01,4,89
922,P05,1,180
923,P01,1,89
923,P03,4,45
923,P02,4,240
924,P02,2,240
924,P01,2,89
924,P05,4,180
925,P03,1,45
925,P07,3,18
925,P06,3,60
926,P05,1,180
927,P04,4,30
928,P06,3,60
928,P03,1,45
929,P07,4,18
930,P02,1,240
931,P07,1,18
932,P01,2,89
933,P02,4,240
934,P07,4,18
934,P07,4,18
935,P05,1,180
935,P03,3,45
935,P04,4,30
936,P03,3,45
936,P05,1,180
937,P05,4,180
937,P01,2,89
938,P04,1,30
939,P07,3,18
939,P04,1,30
939,P07,4,18
940,P02,3,240
940,P01,3,89
940,P02,3,240
941,P06,1,60
941,P02,4,240
941,P05,3,180
942,P03,2,45
942,P02,3,240
943,P02,2,240
943,P03,4,45
943,P07,2,18
944,P04,4,30
945,P01,3,89
946,P05,1,180
947,P03,3,45
947,P04,2,30
947,P04,2,30
948,P01,1,89
949,P02,1,240
950,P03,3,45
951,P03,4,45
951,P06,4,60
951,P03,3,45
952,P02,4,240
953,P05,1,180
953,P06,4,60
953,P07,4,18
954,P06,4,60
954,P04,1,30
955,P02,2,240
955,P03,1,45
956,P06,3,60
956,P01,1,89
956,P07,4,18
957,P01,4,89
957,P01,4,89
958,P03,3,45
959,P03,4,45
959,P06,4,60
959,P03,1,45
960,P01,3,89
961,P02,4,240
962,P03,4,45
963,P01,4,89
964,P06,2,60
964,P06,3,60
965,P05,4,180
965,P07,1,18
965,P02,1,240
966,P04,3,30
966,P04,4,30
966,P04,1,30
967,P06,2,60
967,P04,4,30
967,P07,4,18
968,P06,3,60
969,P05,1,180
970,P07,3,18
970,P02,1,240
971,P03,1,45
971,P05,4,180
972,P05,4,180
973,P06,2,60
973,P07,1,18
974,P04,2,30
975,P03,3,45
975,P02,3,240
975,P06,1,60
976,P02,4,240
977,P02,3,240
978,P01,4,89
978,P01,3,89
979,P02,2,240
979,P06,1,60
980,P03,3,45
980,P07,3,18
981,P03,1,45
981,P03,3,45
981,P04,1,30
982,P04,1,30
982,P04,2,30
982,P01,4,89
983,P06,3,60
983,P02,2,240
984,P05,1,180
985,P06,1,60
985,P05,1,180
986,P04,2,30
986,P03,3,45
986,P06,1,60
987,P02,1,240
987,P07,3,18
987,P05,3,180
988,P06,2,60
988,P06,4,60
989,P05,1,180
989,P01,3,89
989,P01,3,89
990,P04,1,30
991,P01,4,89
992,P03,3,45
993,P06,3,60
993,P06,4,60
993,P05,4,180
994,P05,3,180
995,P04,2,30
996,P07,2,18
996,P07,1,18
996,P01,2,89
997,P01,1,89
997,P01,3,89
997,P07,1,18
998,P03,2,45
998,P07,4,18
999,P01,2,89
1000,P02,3,240
1000,P02,4,240
1001,P04,3,30
1001,P05,4,180
1001,P01,2,89
1002,P02,1,240
1003,P06,1,60
1004,P03,2,45
1004,P02,4,240
1004,P07,2,18
1005,P04,4,30
1005,P07,3,18
1005,P05,2,180
1006,P03,1,45
1006,P07,2,18
1006,P03,3,45
1007,P07,3,18
1008,P07,2,18
1008,P01,1,-89
1009,P02,1,240
1010,P05,3,180
1011,P05,2,180
1011,P04,2,30
1011,P05,2,180
1012,P03,3,45
1012,P03,4,45
1012,P06,2,60
1013,P07,4,18
1013,P07,4,18
1014,P02,4,240
1014,P07,4,18
1014,P07,1,18
1015,P05,3,180
1015,P05,1,180
1015,P02,4,240
1016,P04,1,30
1017,P06,1,60
1017,P02,1,240
1018,P01,3,89
1019,P04,3,30
1020,P03,1,45
1020,P04,1,30
1020,P04,3,30
1021,P01,3,89
1021,P01,1,89
1022,P05,1,180
1022,P06,4,60
1022,P07,1,18
1023,P04,2,30
1023,P03,4,45
1024,P06,1,60
1024,P06,3,60
1024,P01,1,89
1025,P01,1,89
1025,P01,1,89
1026,P05,4,180
1027,P03,3,45
1028,P03,1,45
1028,P06,1,60
1029,P02,2,240
1029,P05,1,180
1030,P01,2,89
1030,P05,3,180
1030,P05,1,180
1031,P07,1,18
1031,P06,2,60
1032,P05,1,180
1033,P01,4,89
1033,P04,3,30
1033,P01,3,89
1034,P07,3,18
1034,P06,1,60
1035,P06,4,60
1035,P01,3,89
1036,P03,4,45
1036,P04,3,30
1037,P05,1,180
1037,P03,1,45
1037,P04,3,30
1038,P01,2,89
1038,P07,1,18
1038,P02,2,240
1039,P04,1,30
1039,P07,2,18
1039,P04,3,30
1040,P04,4,30
1040,P01,2,89
1041,P04,1,30
1041,P04,2,30
1041,P03,1,45
1042,P06,3,60
1042,P02,2,240
1042,P07,1,18
1043,P03,1,45
1043,P01,4,89
1044,P05,1,180
1045,P03,2,45
1046,P07,3,18
1046,P07,1,18
1047,P05,1,180
1047,P07,2,18
1048,P07,2,18
1048,P07,4,18
1049,P02,3,240
1050,P02,3,240
1051,P03,1,45
1051,P04,2,30
1051,P01,1,89
1052,P03,1,45
1053,P01,2,89
1053,P01,2,89
1053,P03,3,45
1054,P07,3,18
1055,P07,3,18
1055,P07,1,18
1055,P04,2,30
1056,P04,3,30
1057,P02,1,240
1057,P03,1,45
1058,P05,3,180
1058,P06,2,60
1058,P02,4,240
1059,P05,2,180
1059,P07,2,18
1060,P02,3,240
1061,P04,2,30
1061,P05,3,180
1061,P07,2,18
1062,P07,1,18
1063,P03,2,45
1063,P01,2,89
1063,P06,2,60
1064,P05,2,180
1064,P01,3,89
1065,P05,2,180
1065,P02,4,240
1066,P07,3,18
1066,P03,1,45
1066,P06,1,60
1067,P06,3,60
1067,P04,1,30
1068,P05,4,180
1069,P05,4,180
1069,P03,2,45
1069,P01,4,89
1070,P01,4,89
1070,P03,1,45
1071,P01,3,89
1071,P03,2,45
1071,P01,2,89
1072,P07,2,18
1072,P01,2,89
1072,P07,4,18
1073,P05,4,180
1073,P01,3,89
1073,P04,1,30
1074,P01,1,89
1075,P06,1,60
1075,P05,3,180
1075,P05,2,180
1076,P02,3,240
1077,P02,4,240
1078,P06,3,60
1078,P05,4,180
1078,P07,4,18
1079,P04,3,30
1079,P05,3,180
1080,P05,1,180
1080,P01,4,89
1081,P06,3,60
1082,P05,4,180
1083,P02,3,240
1083,P01,3,89
1083,P06,4,60
1084,P03,2,45
1084,P02,3,240
1085,P01,3,89
1085,P03,4,45
1086,P07,3,18
1086,P05,4,180
1087,P03,1,45
1087,P05,4,180
1088,P02,4,240
1088,P01,2,89
1088,P01,1,-89
1089,P06,1,60
1090,P04,1,30
1090,P03,1,45
1091,P02,4,240
1091,P05,4,180
1092,P06,3,60
1092,P05,2,180
1093,P01,3,89
1094,P04,2,30
1094,P06,1,60
1095,P04,4,30
1095,P02,1,240
1096,P02,3,240
1096,P05,4,180
1096,P04,1,30
1097,P03,3,45
1098,P05,4,180
1098,P01,4,89
1099,P02,1,240
1099,P04,3,30
1100,P07,4,18
1100,P03,2,45
1100,P06,4,60
1101,P03,1,45
1101,P02,3,240
1102,P03,2,45
1102,P01,2,89
1103,P04,3,30
1103,P01,4,89
1104,P03,1,45
1104,P01,3,89
1105,P04,1,30
1106,P03,4,45
1106,P07,2,18
1106,P06,1,60
1107,P06,2,60
1107,P06,4,60
1107,P04,1,30
1108,P05,4,180
1109,P07,1,18
1110,P04,4,30
1111,P07,3,18
1112,P05,1,180
1113,P03,2,45
1114,P05,2,180
1115,P03,1,45
1115,P07,2,18
1115,P02,3,240
1116,P05,2,180
1117,P02,2,240
1117,P07,4,18
1118,P01,1,89
1118,P07,4,18
1119,P01,3,89
1120,P01,2,89
1120,P06,1,60
1121,P04,4,30
1121,P01,1,89
1122,P05,4,180
1122,P07,3,18
1123,P04,4,30
1124,P05,2,180
1124,P02,2,240
1125,P01,4,89
1125,P04,1,30
1125,P05,1,180
1126,P01,2,89
1126,P02,3,240
1127,P07,4,18
1128,P01,1,89
1129,P03,3,45
1129,P04,2,30
1129,P03,3,45
1130,P04,4,30
1131,P04,1,30
1132,P02,2,240
1132,P06,2,60
1133,P04,4,30
1134,P07,3,18
1134,P07,1,18
1134,P03,4,45
1135,P06,3,60
1135,P05,2,180
1135,P05,1,180
1136,P03,2,45
1136,P02,4,240
1136,P05,3,180
1137,P07,1,18
1138,P05,1,180
1138,P07,1,18
1138,P01,4,89
1139,P07,2,18
1140,P06,4,60
1140,P01,3,89
1141,P02,4,240
1141,P07,2,18
1142,P05,3,180
1142,P02,3,240
1142,P04,1,30
1143,P04,2,30
1143,P04,3,30
1144,P03,3,45
1145,P05,1,180
1146,P04,2,30
1146,P02,1,240
1147,P01,4,89
1147,P06,4,60
1147,P01,3,89
1148,P05,3,180
1149,P06,3,60
1149,P01,4,89
1149,P02,3,240
1150,P04,3,30
1150,P05,1,180
1150,P06,3,60
1151,P04,2,30
1152,P01,3,89
1153,P01,1,89
1153,P04,4,30
1154,P01,1,89
1155,P07,1,18
1156,P02,1,240
1157,P07,3,18
1158,P01,2,89
1159,P01,3,89
1159,P06,4,60
1159,P05,4,180
1160,P02,2,240
1160,P03,3,45
1161,P05,2,180
1161,P02,1,240
1161,P04,2,30
1162,P07,2,18
1162,P03,2,45
1162,P07,4,18
1163,P02,4,240
1163,P01,1,89
1164,P01,3,89
1164,P03,1,45
1165,P01,4,89
1165,P07,2,18
1166,P07,3,18
1167,P03,3,45
1167,P07,3,18
1167,P06,1,60
1168,P04,4,30
1168,P07,1,18
1168,P06,3,60
1169,P07,3,18
1170,P03,4,45
1171,P01,1,89
1172,P04,2,30
1172,P05,2,180
1172,P05,1,180
1173,P03,3,45
1173,P01,4,89
1173,P04,4,30
1174,P02,2,240
1175,P02,3,240
1176,P06,4,60
1176,P02,4,240
1176,P07,2,18
1177,P04,3,30
1177,P04,1,30
1177,P03,1,45
1178,P01,2,89
1179,P05,2,180
1180,P01,1,89
1181,P03,2,45
1181,P03,2,45
1182,P07,2,18
1183,P07,3,18
1183,P03,1,45
1184,P05,2,180
1184,P04,3,30
1184,P01,3,89
1185,P06,1,60
1185,P06,1,60
1186,P05,2,180
1187,P06,3,60
1187,P06,1,60
1187,P05,3,180
1188,P06,2,60
1189,P05,3,180
1189,P01,4,89
1190,P07,1,18
1190,P04,3,30
1190,P02,2,240
1191,P03,1,45
1192,P07,3,18
1192,P01,4,89
1192,P03,1,45
1193,P01,1,89
1193,P01,2,89
1194,P06,3,60
1194,P04,1,30
1195,P02,2,240
1195,P04,1,30
1195,P06,3,60
1196,P07,4,18
1196,P04,2,30
1196,P03,1,45
1197,P02,4,240
1198,P03,1,45
1198,P05,1,180
1199,P02,2,240
1200,P07,2,18
1201,P02,3,240
1201,P07,1,18
1202,P07,4,18
1203,P04,4,30
1203,P04,3,30
1203,P07,1,18
1204,P04,3,30
1205,P05,3,180
1206,P01,1,89
1206,P02,1,240
1207,P04,3,30
1207,P04,1,30
1208,P02,4,240
1209,P03,3,45
1209,P07,2,18
1209,P03,1,45
1210,P05,4,180
1211,P07,3,18
1211,P01,2,89
1211,P04,3,30
1212,P06,4,60
1213,P01,1,89
1213,P03,3,45
1213,P01,3,89
1214,P07,4,18
1214,P03,3,45
1215,P04,3,30
1216,P01,4,89
1216,P02,4,240
1216,P06,3,60
1217,P03,1,45
1218,P02,4,240
1218,P04,3,30
1218,P02,1,240
1219,P07,3,18
1220,P03,4,45
1220,P05,3,180
1220,P04,4,30
1221,P01,2,89
1222,P03,1,45
1222,P06,4,60
1223,P03,4,45
1223,P07,4,18
1223,P03,4,45
1224,P01,2,89
1224,P05,1,180
1224,P05,3,180
1225,P07,4,18
1225,P01,4,89
1226,P06,4,60
1226,P07,1,18
1226,P02,2,240
1227,P04,1,30
1227,P02,2,240
1228,P05,1,180
1229,P05,2,180
1229,P07,3,18
1229,P05,3,180
1230,P07,3,-18
1230,P01,2,89
1231,P01,3,89
1231,P03,3,45
1231,P01,1,89
1232,P07,3,18
1232,P06,3,60
1232,P07,2,18
1233,P06,2,60
1233,P03,4,45
1233,P03,4,45
1234,P06,2,60
1234,P04,4,30
1235,P06,2,60
1235,P06,2,60
1236,P01,3,89
1236,P07,2,18
1237,P03,1,45
1237,P01,2,89
1238,P04,4,30
1238,P04,2,30
1239,P02,4,240
1240,P03,4,45
1241,P01,2,89
1241,P06,2,60
1242,P05,3,180
1242,P02,1,240
1243,P05,4,180
1243,P02,3,240
1243,P02,1,240
1244,P01,3,89
1244,P03,2,45
1245,P05,1,180
1246,P03,1,45
1246,P06,4,60
1246,P07,1,18
1247,P05,4,180
1247,P07,3,18
1248,P07,1,18
1249,P05,3,180
1249,P03,4,45
1249,P07,3,18
1250,P02,3,240
1250,P03,3,45
1251,P02,4,240
1251,P02,2,240
1252,P07,1,18
1252,P06,4,60
1253,P01,2,89
1253,P05,3,180
1253,P05,1,180
1254,P05,4,180
1255,P01,2,89
1255,P07,3,18
1255,P01,3,89
1256,P02,1,240
1256,P02,2,240
1256,P03,1,45
1257,P02,3,240
1257,P02,4,240
1257,P01,2,89
1258,P07,2,18
1258,P07,2,18
1259,P06,2,60
1260,P05,4,180
1261,P05,3,180
1262,P01,4,89
1262,P05,4,180
1263,P06,1,60
1263,P06,1,60
1263,P06,2,60
1264,P02,4,240
1265,P07,3,18
1265,P03,3,45
1265,P07,3,18
1266,P06,1,60
1266,P05,2,180
1266,P07,4,18
1267,P01,1,89
1267,P04,3,30
1268,P03,1,45
1268,P01,2,89
1268,P03,3,45
1269,P02,3,240
1270,P07,4,18
1271,P07,1,18
1271,P07,4,18
1271,P01,1,89
1272,P05,1,180
1273,P02,1,240
1274,P04,1,30
1274,P07,2,18
1274,P04,2,30
1275,P01,3,89
1275,P06,3,60
1275,P07,1,18
1276,P05,3,180
1277,P01,2,89
1278,P02,1,240
1279,P01,4,89
1280,P06,3,60
1280,P05,1,180
1281,P05,4,180
1281,P03,4,45
1282,P06,4,60
1283,P03,1,45
1284,P06,2,60
1285,P03,2,45
1286,P03,4,45
1287,P01,4,89
1288,P05,2,180
1288,P03,1,45
1289,P01,1,89
1289,P07,4,18
1290,P05,3,180
1290,P04,3,30
1291,P05,1,180
1292,P04,1,30
1293,P03,4,45
1293,P01,4,89
1294,P04,3,30
1294,P01,3,89
1294,P04,3,30
1295,P05,2,180
1295,P06,1,60
1296,P07,4,18
1296,P02,2,240
1296,P05,1,180
1297,P07,1,18
1297,P03,3,45
1297,P02,1,240
1298,P04,3,30
1298,P04,4,30
1298,P03,4,45
1299,P07,3,18
1299,P05,4,180
1299,P07,1,18
1300,P05,1,180
1300,P01,2,89
1300,P07,4,18
1301,P06,3,60
1302,P03,4,45
1302,P02,1,240
1303,P03,4,45
1304,P01,1,89
1304,P03,4,45
1305,P05,1,180
1306,P02,4,240
1306,P07,2,18
1306,P01,2,89
1307,P01,2,89
1307,P07,1,18
1307,P05,2,180
1308,P04,1,30
1309,P06,4,60
1309,P03,3,45
1309,P07,1,18
1310,P07,2,18
1310,P02,3,240
1311,P01,3,89
1311,P02,2,240
1311,P02,3,240
1312,P01,2,89
1312,P04,1,30
1312,P02,3,240
1313,P02,4,240
1313,P04,4,30
1313,P03,3,45
1314,P07,3,18
1315,P04,4,30
1316,P06,2,60
1317,P02,4,240
1317,P02,4,240
1318,P04,2,30
1318,P03,3,45
1318,P06,1,60
1319,P01,4,89
1320,P07,2,18
1321,P01,1,89
1322,P07,1,18
1322,P03,3,45
1322,P07,2,18
1323,P04,3,30
1324,P01,4,89
1324,P01,3,89
1325,P05,3,180
1326,P02,4,240
1326,P07,1,18
1326,P05,2,180
1327,P05,3,180
1327,P06,2,60
1327,P02,2,240
1328,P03,3,45
1329,P06,3,60
1329,P06,4,60
1330,P06,3,60
1330,P05,2,180
1330,P07,3,18
1331,P03,1,45
1331,P03,4,45
1332,P05,1,180
1332,P04,4,30
1333,P05,2,180
1333,P02,4,240
1334,P01,1,89
1335,P01,4,89
1336,P04,1,30
1336,P03,1,45
1336,P07,4,18
1337,P06,1,60
1337,P03,1,45
1337,P05,2,180
1338,P07,1,18
1339,P04,3,30
1339,P01,2,89
1340,P03,1,45
1340,P01,3,89
1340,P04,4,30
1341,P01,3,89
1341,P07,2,18
1342,P06,1,60
1342,P04,4,30
1343,P04,3,30
1344,P07,1,18
1344,P06,4,60
1345,P03,4,45
1346,P04,2,30
1347,P02,4,240
1348,P06,1,60
1349,P03,1,45
1349,P02,1,240
1349,P06,1,60
1350,P07,3,18
1351,P02,2,240
1352,P07,2,18
1353,P07,2,18
1353,P05,4,180
1354,P04,2,30
1355,P04,2,30
1356,P03,1,45
1356,P03,3,45
1357,P01,3,89
1357,P02,2,240
1358,P01,1,89
1358,P01,3,89
1359,P04,2,30
1359,P05,4,180
1360,P07,2,18
1360,P04,1,30
1361,P04,4,30
1361,P04,4,30
1362,P01,2,89
1363,P07,4,18
1363,P03,2,45
1363,P04,3,30
1364,P01,3,89
1365,P01,2,89
1365,P07,2,18
1366,P07,1,18
1367,P03,3,45
1367,P02,3,240
1367,P01,1,89
1368,P04,3,30
1369,P01,3,89
1370,P06,1,60
1370,P06,1,60
1371,P06,2,60
1372,P01,3,89
1372,P03,4,45
1373,P04,4,30
1374,P01,3,89
1375,P07,2,18
1375,P03,2,45
1376,P01,1,89
1377,P03,1,45
1378,P07,2,18
1378,P03,3,45
1378,P03,3,45
1379,P05,3,180
1379,P04,4,30
1380,P06,3,60
1380,P01,3,89
1380,P05,3,180
1381,P06,1,60
1381,P05,1,180
1382,P07,3,18
1382,P07,3,18
1382,P06,3,60
1383,P02,3,240
1384,P01,1,89
1385,P03,1,45
1385,P05,4,180
1386,P05,4,180
1387,P02,4,240
1387,P02,1,240
1387,P03,4,45
1388,P03,3,45
1389,P07,1,18
1389,P05,2,180
1389,P04,4,30
1390,P06,1,60
1391,P07,1,18
1391,P01,4,89
1391,P06,2,60
1392,P05,4,180
1392,P06,2,60
1393,P07,4,18
1394,P05,2,180
1394,P03,1,45
1394,P02,4,240
1395,P05,3,180
1395,P04,4,30
1395,P07,2,18
1396,P03,4,45
1396,P06,4,60
1396,P06,1,60
1397,P05,3,180
1397,P04,3,30
1397,P06,4,60
1398,P06,2,60
1399,P05,2,180
1399,P03,1,45
1400,P05,2,180
1401,P05,1,180
1402,P03,3,45
1402,P07,1,18
1402,P01,4,89
1403,P06,4,60
1403,P07,2,18
1403,P07,2,18
1404,P02,3,240
1405,P01,1,89
1406,P03,1,45
1406,P03,4,45
1406,P06,4,60
1407,P04,4,30
1407,P03,3,45
1407,P03,2,45
1408,P01,1,89
1408,P01,3,89
1409,P02,1,240
1410,P04,2,30
1411,P06,2,60
1412,P05,2,180
1413,P03,2,45
1414,P01,3,89
1415,P06,3,60
1416,P04,3,30
1417,P02,1,240
1417,P03,3,45
1417,P02,4,240
1418,P04,2,30
1418,P05,4,180
1419,P04,3,30
1419,P04,4,30
1419,P07,2,18
1420,P03,1,45
1420,P07,1,18
1421,P04,3,30
1422,P04,2,30
1423,P04,2,30
1423,P04,1,30
1424,P02,2,240
1424,P02,3,240
1425,P03,1,45
1425,P05,1,180
1426,P05,4,180
1426,P07,3,18
1427,P03,1,45
1427,P07,4,18
1427,P01,4,89
1428,P01,2,89
1428,P06,4,60
1429,P04,3,30
1429,P07,2,18
1430,P02,1,240
1430,P07,3,18
1431,P04,3,30
1431,P02,2,240
1432,P03,1,45
1433,P04,2,30
1433,P03,4,45
1433,P07,1,18
1434,P02,3,240
1434,P02,1,240
1434,P03,3,45
1435,P04,1,30
1435,P07,2,18
1436,P07,1,18
1437,P06,1,60
1437,P07,1,18
1438,P01,4,89
1438,P02,1,240
1438,P06,3,60
1439,P05,2,180
1440,P02,3,240
1440,P02,4,240
1441,P06,1,60
1441,P07,2,18
1441,P04,1,30
1442,P07,2,18
1442,P07,3,18
1443,P07,1,18
1443,P01,4,89
1444,P06,1,60
1444,P07,3,18
1445,P02,4,240
1446,P04,4,30
1447,P02,4,240
1447,P02,3,240
1447,P07,2,18
1448,P06,2,60
1448,P01,1,89
1448,P07,1,18
1449,P06,3,60
1449,P04,1,30
1450,P06,3,60
1450,P01,1,89
1450,P05,3,180
1451,P06,4,60
1451,P07,1,18
1452,P07,1,18
1453,P02,2,240
1454,P05,1,180
1454,P01,3,89
1454,P03,2,45
1455,P02,4,240
1455,P02,1,240
1456,P07,3,18
1456,P06,2,60
1457,P03,4,45
1458,P02,2,240
1459,P04,2,30
1459,P06,2,60
1460,P05,4,180
1460,P02,3,240
1461,P05,3,180
1462,P06,1,60
1462,P01,3,89
1463,P05,2,180
1464,P01,2,89
1464,P01,4,89
1465,P06,4,60
1465,P07,3,18
1465,P04,3,30
1466,P05,3,180
1467,P01,1,89
1467,P03,4,45
1467,P02,2,240
1468,P05,4,180
1468,P05,4,180
1469,P05,3,180
1469,P06,1,60
1469,P06,3,60
1470,P06,2,60
1471,P03,2,-45
1472,P04,3,30
1473,P07,1,18
1474,P03,1,45
1475,P07,3,18
1475,P06,4,60
1476,P02,3,240
1477,P04,4,30
1477,P05,4,180
1478,P02,1,240
1478,P05,4,180
1478,P04,4,30
1479,P05,3,180
1480,P03,2,45
1480,P07,4,18
1481,P03,2,45
1482,P06,4,60
1482,P07,2,18
1482,P06,1,60
1483,P04,2,30
1484,P03,3,45
1485,P04,2,30
1485,P06,4,60
1485,P01,1,89
1486,P01,3,89
1486,P05,4,180
1487,P01,3,89
1488,P04,1,30
1488,P01,2,89
1488,P01,3,89
1489,P01,1,89
1489,P06,4,-60
1489,P07,1,18
1490,P05,2,180
1490,P03,1,45
1491,P06,1,60
1492,P05,1,180
1492,P03,2,45
1493,P04,2,30
1493,P05,4,180
1493,P01,2,89
1494,P01,4,89
1494,P01,3,89
1494,P02,1,240
1495,P03,4,45
1495,P07,1,18
1496,P05,2,180
1496,P04,2,30
1497,P04,4,30
1497,P05,2,180
1497,P03,2,45
1498,P07,4,18
1498,P06,2,60
1499,P01,2,89
1499,P04,1,30
1499,P04,1,30
1500,P01,2,89
1501,P06,1,60
1502,P06,2,60
1502,P04,2,30
1502,P06,1,60
1503,P06,2,60
1503,P07,4,18
1504,P02,2,240
1504,P03,3,45
1505,P03,4,45
1505,P07,3,18
1506,P02,2,240
1506,P06,2,60
1506,P02,4,240
1507,P05,2,180
1507,P07,1,18
1508,P04,4,30
1508,P03,2,45
1509,P07,3,18
1510,P05,4,180
1510,P02,1,240
1510,P07,3,18
1511,P04,3,30
1511,P06,4,60
1512,P02,4,240
1513,P01,2,89
1513,P07,2,18
1514,P05,2,180
1514,P04,1,30
1515,P02,4,240
1515,P06,3,60
1516,P04,3,30
1516,P05,4,180
1516,P06,1,60
1517,P05,4,180
1517,P03,2,45
1518,P03,4,45
1519,P07,4,18
1519,P07,3,18
1520,P07,2,18
1520,P01,2,89
1521,P05,3,180
1522,P06,3,60
1522,P01,1,89
1523,P03,2,45
1524,P04,2,30
1524,P04,3,30
1524,P04,2,30
1525,P02,1,240
1526,P01,3,89
1526,P03,3,45
1526,P01,4,89
1527,P04,3,30
1527,P05,2,180
1527,P01,3,89
1528,P01,2,89
1529,P04,2,30
1529,P07,1,18
1529,P01,1,89
1530,P04,2,30
1530,P02,4,240
1530,P03,3,45
1531,P06,2,60
1531,P01,1,89
1532,P03,1,45
1532,P07,1,18
1532,P06,2,60
1533,P04,2,30
1534,P04,3,30
1534,P02,4,240
1534,P05,1,180
1535,P04,3,30
1536,P06,4,60
1537,P06,1,60
1538,P04,4,30
1539,P02,4,240
1539,P03,3,45
1540,P03,2,45
1541,P06,3,60
1542,P02,3,240
1543,P05,3,180
1543,P05,3,180
1544,P05,3,180
1544,P06,4,60
1544,P01,3,89
1545,P06,4,60
1546,P02,3,240
1546,P04,2,30
1547,P01,2,89
1547,P02,4,240
1547,P07,2,18
1548,P02,1,240
1549,P05,1,180
1550,P01,2,89
1550,P02,1,240
1551,P02,3,240
1552,P05,1,180
1552,P06,1,60
1553,P01,4,89
1553,P06,1,60
1553,P06,3,60
1554,P02,1,240
1554,P05,3,180
1555,P03,2,45
1556,P04,1,30
1556,P04,3,30
1557,P03,3,45
1558,P04,4,30
1559,P02,1,240
1560,P05,3,180
1561,P05,4,180
1561,P03,3,45
1561,P06,2,60
1562,P04,2,30
1562,P02,2,240
1562,P01,1,89
1563,P03,3,45
1563,P03,2,45
1563,P01,1,89
1564,P06,4,60
1565,P06,2,60
1566,P05,3,180
1566,P04,2,30
1566,P07,2,18
1567,P05,3,180
1567,P04,4,30
1567,P07,4,18
1568,P05,4,180
1569,P01,4,89
1569,P06,4,60
1569,P03,1,45
1570,P01,1,89
1570,P02,1,240
1571,P06,4,60
1571,P02,1,240
1572,P05,1,180
1573,P07,2,18
1574,P06,2,60
1575,P03,4,45
1575,P05,2,180
1575,P05,1,180
1576,P07,4,18
1577,P04,2,30
1577,P02,1,240
1577,P05,4,180
1578,P01,3,89
1578,P06,3,60
1579,P02,2,240
1579,P03,2,45
1579,P05,1,180
1580,P04,1,30
1580,P03,4,45
1580,P06,3,60
1581,P07,3,18
1581,P02,3,240
1581,P03,3,45
1582,P05,2,180
1582,P06,1,60
1582,P01,1,89
1583,P01,2,89
1584,P07,3,18
1585,P06,2,60
1585,P07,3,18
1586,P01,2,89
1587,P07,4,18
1587,P07,4,18
1588,P05,3,180
1588,P05,4,180
1589,P04,2,30
1590,P03,3,45
1590,P03,3,45
1590,P01,4,89
1591,P06,1,60
1591,P01,4,89
1591,P04,3,30
1592,P05,2,180
1592,P02,2,240
1593,P05,1,180
1594,P04,4,30
1594,P05,1,180
1594,P03,4,45
1595,P03,4,45
1596,P06,2,60
1596,P07,1,18
1597,P03,1,45
1597,P02,2,240
1597,P01,4,89
1598,P03,2,45
1598,P02,4,240
1598,P06,4,60
1599,P03,4,45
1599,P07,2,18
1599,P04,1,30
1600,P04,2,30
1600,P04,4,30
1601,P05,4,180
1601,P07,1,18
1602,P07,2,18
1602,P02,3,240
1603,P05,1,180
1603,P07,3,18
1603,P05,3,180
1604,P03,2,45
1605,P02,3,240
1606,P06,1,60
1606,P02,1,240
1606,P07,1,18
1607,P04,2,30
1607,P07,4,18
1607,P04,2,30
1608,P06,1,60
1608,P01,3,89
1608,P06,4,60
1609,P05,2,180
1609,P06,3,60
1609,P01,4,89
1610,P05,2,180
1610,P07,3,18
1611,P02,1,240
1611,P06,2,60
1612,P02,4,240
1612,P03,4,45
1613,P01,4,89
1614,P04,2,30
1615,P05,1,180
1616,P05,3,180
1616,P06,3,60
1617,P01,2,89
1618,P07,2,18
1619,P02,3,240
1619,P05,3,180
1619,P04,1,30
1620,P03,1,45
1620,P07,3,18
1620,P05,4,180
1621,P02,4,240
1622,P03,4,45
1622,P04,2,30
1623,P06,4,60
1623,P07,1,18
1624,P07,4,18
1624,P04,2,30
1625,P05,4,180
1625,P07,1,18
1625,P07,3,18
1626,P06,4,60
1626,P03,1,45
1627,P07,2,18
1628,P03,1,45
1628,P07,1,18
1629,P05,1,180
1629,P06,2,60
1630,P07,3,18
1630,P01,3,89
1630,P02,2,240
1631,P05,2,180
1631,P03,3,45
1632,P07,3,18
1633,P06,2,60
1633,P06,1,60
1633,P05,3,180
1634,P02,1,240
1634,P01,3,89
1635,P05,3,180
1635,P01,3,89
1635,P05,4,180
1636,P01,3,89
1636,P01,3,89
1636,P02,1,240
1637,P07,1,18
1637,P06,3,60
1637,P03,4,45
1638,P02,2,240
1638,P05,3,180
1639,P04,2,30
1640,P01,4,89
1640,P02,1,240
1640,P06,4,60
1641,P04,2,30
1641,P02,3,240
1642,P01,2,89
1642,P01,4,89
1642,P02,2,240
1643,P05,2,180
1644,P02,3,240
1644,P03,1,45
1645,P04,1,30
1645,P01,2,89
1646,P01,1,89
1646,P02,3,240
1647,P07,3,18
1647,P03,4,45
1647,P02,4,240
1648,P01,1,89
1648,P02,4,240
1649,P07,3,18
1650,P02,3,240
1650,P02,3,240
1651,P01,3,89
1651,P06,2,60
1651,P07,1,18
1652,P03,1,45
1652,P05,1,180
1653,P01,2,89
1654,P02,4,240
1654,P05,2,180
1654,P02,3,240
1655,P05,1,180
1656,P07,4,18
1657,P02,2,240
1657,P01,2,89
1658,P05,2,180
1659,P05,1,180
1660,P06,1,60
1661,P02,2,240
1661,P05,2,180
1662,P05,3,180
1663,P02,3,240
1664,P01,2,89
1664,P02,2,240
1664,P05,1,180
1665,P03,3,45
1666,P01,2,89
1666,P04,3,30
1666,P07,2,18
1667,P07,4,18
1667,P03,1,45
1667,P04,3,30
1668,P05,4,180
1668,P06,4,60
1669,P06,4,60
1669,P07,3,18
1670,P02,1,240
1670,P05,4,180
1671,P01,3,89
1671,P07,2,18
1672,P06,4,60
1673,P05,4,180
1673,P05,4,180
1674,P01,2,89
1675,P02,2,240
1675,P03,1,45
1676,P07,1,18
1677,P02,4,240
1678,P07,4,18
1678,P03,4,45
1679,P04,4,30
1679,P03,2,45
1679,P03,3,45
1680,P02,2,240
1680,P03,3,45
1681,P03,4,45
1682,P07,1,18
1682,P02,4,240
1682,P06,2,60
1683,P04,1,30
1683,P05,4,180
1683,P06,1,60
1684,P04,2,30
1684,P03,3,45
1685,P07,3,18
1685,P07,2,18
1686,P03,1,45
1687,P01,2,89
1688,P05,2,180
1689,P05,4,180
1689,P06,2,60
1689,P07,3,18
1690,P01,1,89
1690,P05,1,180
1690,P07,1,18
1691,P02,1,240
1691,P06,3,60
1692,P02,2,240
1692,P07,2,18
1693,P07,4,18
1693,P01,2,89
1694,P05,1,180
1694,P01,4,89
1694,P06,3,60
1695,P02,1,240
1695,P05,3,180
1695,P04,1,30
1696,P06,2,60
1696,P05,1,180
1696,P05,1,180
1697,P05,3,180
1698,P04,3,30
1699,P07,3,18
1700,P05,4,180
1700,P07,3,18
1701,P01,3,89
1701,P06,2,60
1702,P06,3,60
1702,P06,2,60
1703,P03,2,45
1703,P05,3,180
1703,P05,2,180
1704,P01,2,89
1704,P05,4,180
1705,P01,2,89
1705,P01,3,89
1705,P02,4,240
1706,P03,4,45
1707,P05,4,180
1707,P06,1,60
1707,P06,1,60
1708,P05,1,180
1708,P05,3,180
1708,P03,3,45
1709,P02,4,240
1709,P03,4,45
1709,P07,2,18
1710,P03,3,45
1710,P06,2,60
1710,P03,1,45
1711,P05,4,180
1712,P01,3,89
1712,P04,1,30
1713,P02,1,240
1713,P03,3,45
1713,P07,3,18
1714,P02,2,240
1714,P07,2,18
1715,P04,2,30
1715,P06,1,60
1715,P02,4,240
1716,P02,4,240
1717,P05,2,180
1718,P04,2,30
1718,P05,3,180
1719,P02,2,240
1719,P03,4,45
1720,P05,1,180
1720,P04,1,30
1721,P06,4,60
1721,P07,2,18
1722,P04,3,30
1722,P07,3,18
1723,P01,1,89
1723,P03,4,45
1723,P05,1,180
1724,P07,3,18
1725,P05,3,180
1725,P01,4,89
1725,P05,2,180
1726,P07,4,18
1726,P07,1,18
1726,P03,3,45
1727,P05,2,180
1727,P02,1,240
1728,P03,4,45
1728,P05,2,180
1729,P03,2,45
1729,P01,4,89
1730,P05,1,180
1730,P06,3,60
1731,P04,4,30
1732,P04,4,30
1732,P01,2,89
1732,P05,2,180
1733,P06,1,60
1734,P06,3,60
1734,P01,1,89
1734,P03,3,45
1735,P03,4,45
1736,P06,1,60
1736,P07,4,18
1737,P02,1,240
1737,P06,2,60
1738,P04,4,30
1738,P01,4,89
1739,P04,1,30
1739,P06,4,60
1740,P04,2,30
1740,P01,1,89
1741,P07,2,18
1741,P06,3,60
1742,P01,1,89
1742,P04,3,30
1743,P05,4,180
1743,P06,4,60
1743,P05,3,180
1744,P04,4,30
1744,P04,4,30
1744,P05,2,180
1745,P03,3,45
1746,P05,1,180
1746,P01,2,89
1746,P07,3,18
1747,P06,1,60
1747,P04,3,30
1748,P06,4,60
1748,P06,4,60
1749,P07,1,18
1749,P03,1,45
1749,P03,3,45
1750,P05,2,180
1750,P01,2,89
1750,P04,4,30
1751,P03,3,45
1751,P04,1,30
1751,P05,4,180
1752,P02,2,240
1752,P01,1,89
1753,P01,3,89
1753,P02,2,240
1753,P01,3,89
1754,P04,4,30
1754,P06,2,60
1754,P06,2,60
1755,P05,3,180
1755,P01,3,89
1756,P05,2,180
1756,P06,4,60
1756,P01,3,89
1757,P03,3,45
1757,P07,1,18
1758,P07,3,18
1759,P01,4,89
1759,P02,1,240
1759,P03,4,45
1760,P05,4,180
1760,P06,2,60
1761,P02,1,240
1761,P02,1,240
1762,P04,4,30
1762,P05,2,180
1763,P06,3,60
1763,P03,4,45
1763,P05,2,180
1764,P03,3,45
1764,P06,4,60
1764,P05,2,180
1765,P06,1,60
1766,P05,3,180
1766,P05,4,180
1766,P06,3,60
1767,P02,4,240
1768,P06,3,60
1768,P06,1,60
1769,P04,2,30
1769,P04,2,30
1769,P06,3,60
1770,P05,2,180
1770,P05,4,180
1770,P01,1,89
1771,P01,4,89
1771,P06,4,60
1772,P07,3,18
1772,P01,3,89
1772,P02,2,240
1773,P04,2,30
1774,P04,2,30
1774,P04,2,30
1774,P04,2,30
1775,P04,2,30
1775,P02,3,240
1775,P07,1,18
1776,P03,4,45
1776,P05,4,180
1776,P01,1,89
1777,P01,1,89
1777,P02,4,240
1778,P07,2,18
1779,P04,3,30
1779,P04,1,30
1779,P03,3,45
1780,P03,1,45
1780,P02,2,-240
1781,P07,3,18
1781,P03,2,45
1782,P04,4,30
1783,P03,2,45
1783,P06,1,60
1783,P03,1,45
1784,P02,1,240
1784,P04,2,30
1785,P03,4,45
1786,P05,4,180
1786,P04,4,30
1786,P01,4,89
1787,P05,1,180
1788,P04,2,30
1789,P06,4,60
1790,P04,3,30
1791,P06,2,60
1792,P06,3,60
1792,P01,1,89
1792,P02,4,240
1793,P07,1,18
1794,P01,2,89
1794,P03,3,45
1795,P05,3,180
1796,P03,3,45
1796,P04,2,30
1796,P05,3,180
1797,P04,2,30
1797,P05,1,180
1797,P04,3,30
1798,P02,3,240
1799,P02,2,240
1800,P06,4,60
1800,P05,4,180
1800,P02,2,240
1801,P05,1,180
1801,P04,1,30
1801,P06,3,60
1802,P05,4,180
1802,P06,4,60
1803,P02,4,240
1804,P01,4,89
1804,P03,2,45
1804,P05,1,180
1805,P02,1,240
1806,P06,2,60
1806,P04,4,30
1806,P04,3,30
1807,P04,3,30
1807,P04,2,30
1807,P06,4,60
1808,P05,1,180
1808,P04,1,30
1808,P02,3,240
1809,P01,1,89
1809,P06,2,60
1810,P02,3,240
1810,P04,1,30
1810,P07,2,18
1811,P04,4,30
1812,P03,1,45
1812,P04,2,30
1813,P07,3,18
1814,P07,1,18
1815,P03,2,45
1815,P07,1,18
1816,P04,4,30
1817,P07,4,18
1817,P02,3,240
1818,P07,4,18
1819,P07,4,18
1819,P05,2,180
1819,P06,2,60
1820,P01,2,89
1820,P06,2,60
1820,P04,1,30
1821,P01,4,89
1821,P07,3,18
1821,P04,4,30
1822,P06,2,60
1822,P03,1,45
1822,P07,4,18
1823,P03,4,45
1823,P02,1,240
1824,P05,3,180
1824,P03,3,45
1824,P02,4,240
1825,P02,4,240
1826,P07,3,18
1826,P04,4,30
1827,P06,1,60
1827,P01,1,89
1827,P05,3,180
1828,P04,4,30
1829,P02,1,240
1829,P02,4,240
1829,P01,3,89
1830,P03,2,45
1830,P07,2,18
1830,P04,1,30
1831,P02,4,240
1831,P01,1,89
1832,P07,3,18
1832,P03,1,45
1832,P04,3,30
1833,P03,3,45
1834,P03,3,45
1834,P05,3,180
1835,P07,4,18
1835,P01,1,89
1835,P06,4,60
1836,P01,4,89
1836,P01,4,89
1837,P04,1,30
1838,P05,3,180
1838,P07,4,18
1839,P06,3,60
1840,P07,3,18
1841,P02,2,240
1841,P07,1,18
1841,P01,4,89
1842,P03,4,45
1843,P03,3,45
1844,P02,2,240
1844,P02,4,240
1844,P07,4,18
1845,P06,1,60
1845,P07,2,18
1846,P06,3,60
1846,P05,2,180
1847,P04,2,30
1848,P02,2,240
1848,P03,3,45
1848,P05,3,180
1849,P06,4,60
1849,P04,1,30
1849,P07,3,18
1850,P03,1,45
1850,P01,3,89
1850,P07,3,18
1851,P04,3,30
1851,P02,4,240
1852,P06,2,60
1853,P01,3,89
1854,P04,3,30
1855,P06,1,60
1855,P02,1,240
1856,P01,2,89
1857,P01,2,89
1857,P04,4,30
1857,P01,1,89
1858,P07,2,18
1858,P03,4,45
1859,P06,3,60
1859,P05,1,180
1860,P04,2,30
1860,P05,1,180
1860,P01,4,89
1861,P05,2,180
1862,P06,2,60
1862,P05,3,180
1863,P02,2,240
1864,P03,3,45
1864,P01,2,89
1865,P07,1,18
1865,P03,1,45
1866,P02,4,240
1866,P05,3,180
1867,P07,1,18
1867,P06,2,60
1867,P03,2,45
1868,P05,4,180
1868,P05,4,180
1869,P06,1,60
1869,P03,2,45
1870,P02,2,240
1870,P05,2,180
1871,P07,1,18
1872,P03,3,45
1872,P05,2,180
1873,P05,1,180
1873,P06,2,60
1874,P05,4,180
1875,P07,1,18
1875,P03,2,45
1875,P03,4,45
1876,P02,4,240
1876,P05,3,180
1876,P02,3,240
1877,P07,4,18
1877,P03,4,45
1878,P02,3,240
1878,P03,4,45
1878,P02,2,240
1879,P01,1,89
1880,P05,3,180
1881,P02,3,240
1881,P05,2,180
1882,P03,3,45
1883,P06,2,60
1883,P02,3,240
1883,P03,2,45
1884,P07,2,18
1884,P06,4,60
1885,P01,2,89
1885,P02,2,240
1886,P04,1,30
1886,P06,2,60
1886,P01,2,89
1887,P01,4,89
1887,P03,4,45
1888,P05,3,180
1888,P04,3,30
1888,P04,1,30
1889,P01,4,89
1889,P03,3,45
1889,P02,1,240
1890,P05,4,180
1891,P01,2,89
1891,P06,4,60
1891,P02,2,240
1892,P02,4,240
1892,P07,1,18
1892,P05,3,180
1893,P06,1,60
1894,P01,4,89
1894,P02,1,240
1894,P03,2,45
1895,P07,2,18
1895,P07,3,18
1895,P02,1,240
1896,P05,3,180
1896,P04,2,30
1897,P06,2,60
1898,P06,2,60
1899,P07,2,18
1900,P03,3,45
1900,P05,4,180
1900,P07,2,18
1901,P07,1,18
1902,P06,3,60
1902,P04,3,30
1902,P03,4,45
1903,P05,2,180
1903,P02,3,240
1904,P06,4,60
1905,P03,2,45
1905,P04,3,30
1906,P04,1,30
1906,P04,4,30
1907,P05,4,180
1907,P04,2,30
1908,P05,1,180
1908,P06,4,60
1909,P05,1,180
1909,P04,1,30
1910,P05,1,180
1910,P07,1,18
1911,P04,4,30
1911,P04,1,30
1911,P01,1,89
1912,P02,2,240
1913,P02,3,240
1914,P02,2,240
1914,P05,1,180
1914,P05,2,180
1915,P01,1,89
1916,P05,2,180
1916,P02,3,240
1916,P07,2,18
1917,P07,4,18
1918,P07,4,18
1918,P05,1,180
1918,P02,2,240
1919,P05,2,180
1919,P05,3,180
1920,P02,3,240
1921,P01,3,89
1921,P03,3,45
1921,P02,2,240
1922,P05,4,180
1922,P03,1,45
1923,P05,2,180
1923,P06,2,60
1924,P03,1,45
1924,P07,1,18
1925,P07,1,18
1925,P04,2,30
1926,P05,2,180
1927,P03,4,45
1927,P05,3,180
1927,P03,3,45
1928,P07,2,18
1928,P05,1,180
1928,P05,4,180
1929,P01,2,89
1930,P07,4,18
1931,P01,1,89
1932,P05,4,180
1933,P04,3,30
1933,P05,2,180
1934,P05,3,180
1934,P01,1,89
1934,P02,3,240
1935,P04,1,30
1936,P02,4,240
1936,P07,2,18
1936,P05,4,180
1937,P06,3,60
1937,P03,1,45
1938,P02,4,240
1938,P03,1,45
1939,P07,4,18
1939,P02,3,240
1940,P05,2,180
1940,P02,2,240
1940,P04,2,30
1941,P05,3,180
1942,P07,4,18
1942,P04,2,30
1943,P05,4,180
1943,P02,3,240
1944,P01,3,89
1944,P03,4,45
1945,P02,4,240
1946,P06,1,60
1946,P07,3,18
1946,P05,2,180
1947,P02,2,240
1947,P02,3,240
1948,P06,2,60
1948,P06,2,60
1949,P04,3,30
1950,P07,1,18
1950,P02,4,240
1950,P04,2,30
1951,P06,4,60
1952,P01,1,89
1952,P03,1,45
1952,P02,3,240
1953,P03,4,45
1953,P04,1,30
1954,P02,3,240
1954,P05,1,180
1955,P05,2,180
1955,P02,2,240
1956,P06,3,60
1957,P07,2,18
1957,P03,1,45
1957,P01,4,89
1958,P04,2,30
1958,P06,1,60
1958,P02,3,240
1959,P01,3,89
1960,P02,4,240
1960,P07,3,18
1961,P03,3,45
1961,P04,1,30
1962,P03,1,45
1962,P04,3,30
1963,P03,1,45
1963,P02,3,240
1963,P01,3,89
1964,P05,2,180
1964,P04,4,30
1964,P05,3,180
1965,P02,4,240
1965,P02,1,240
1965,P04,1,30
1966,P07,2,18
1967,P05,2,180
1968,P07,2,18
1968,P01,3,89
1969,P04,1,30
1970,P01,3,89
1970,P01,2,89
1971,P02,2,240
1972,P07,1,18
1973,P05,3,180
1973,P07,1,18
1974,P02,1,240
1974,P03,4,45
1975,P04,2,30
1975,P06,4,60
1975,P01,2,89
1976,P01,2,89
1976,P01,2,89
1977,P04,1,30
1977,P03,4,45
1977,P04,1,30
1978,P06,3,60
1978,P04,4,30
1979,P03,3,45
1979,P02,2,240
1979,P03,4,45
1980,P06,4,60
1980,P04,2,30
1981,P02,2,240
1981,P05,4,180
1981,P05,1,180
1982,P02,1,240
1982,P04,4,30
1982,P07,4,18
1983,P07,1,18
1983,P05,2,180
1983,P04,1,30
1984,P07,4,18
1984,P01,4,89
1984,P07,2,18
1985,P07,2,18
1986,P01,1,89
1987,P06,1,60
1987,P07,1,18
1988,P06,4,60
1988,P07,2,18
1989,P05,3,180
1990,P07,2,18
1991,P05,1,180
1991,P07,2,18
1991,P07,1,18
1992,P06,2,60
1992,P02,2,240
1993,P03,4,45
1993,P04,2,30
1993,P05,4,180
1994,P02,2,240
1994,P07,2,18
1994,P06,2,60
1995,P06,1,60
1996,P02,1,240
1997,P01,2,89
1997,P04,4,30
1997,P05,2,180
1998,P06,4,60
1998,P02,4,240
1998,P05,4,180
1999,P05,1,180
1999,P06,3,60
2000,P04,4,30
2000,P02,4,240
2000,P06,4,60
2001,P04,2,30
2001,P03,3,45
2001,P01,2,89
2002,P02,2,240
2003,P06,3,60
2004,P06,4,60
2005,P04,2,30
2005,P04,1,30
2006,P03,4,45
2006,P03,4,45
2007,P06,1,60
2007,P01,1,89
2008,P06,4,60
2008,P04,2,30
2009,P02,4,240
2010,P01,3,89
2010,P06,3,60
2011,P06,1,60
2012,P05,3,180
2012,P07,1,18
2013,P01,4,89
2013,P03,1,45
2014,P02,2,240
2014,P02,3,240
2014,P04,2,30
2015,P02,4,240
2016,P04,3,30
2016,P03,4,45
2016,P03,1,45
2017,P03,4,45
2017,P06,3,60
2017,P02,2,240
2018,P05,3,180
2019,P07,1,18
2019,P07,4,18
2019,P02,1,240
2020,P05,1,180
2020,P04,3,30
2021,P03,3,45
2021,P04,2,30
2022,P02,3,240
2022,P03,4,45
2022,P01,4,89
2023,P03,4,45
2023,P04,3,30
2024,P05,1,180
2024,P03,1,45
2025,P05,2,180
2025,P07,3,18
2026,P07,3,18
2026,P07,3,18
2027,P07,4,18
2027,P01,4,89
2028,P01,4,89
2028,P07,1,18
2028,P06,2,60
2029,P07,1,18
2029,P07,3,18
2030,P01,4,89
2030,P03,3,45
2030,P02,3,240
2031,P02,4,240
2031,P04,1,30
2031,P04,2,30
2032,P02,2,240
2032,P07,2,18
2033,P07,4,18
2033,P01,2,89
2033,P02,3,240
2034,P03,3,45
2035,P03,3,45
2035,P06,3,60
2036,P05,4,180
2036,P06,3,60
2037,P05,3,180
2037,P01,2,89
2037,P03,3,45
2038,P07,4,18
2039,P06,2,60
2040,P02,1,240
2041,P06,4,60
2042,P01,1,89
2042,P03,4,45
2042,P04,2,30
2043,P03,4,45
2043,P06,1,60
2043,P02,3,240
2044,P02,4,240
2044,P06,2,60
2044,P06,3,60
2045,P04,3,30
2046,P01,1,89
2046,P03,4,45
2046,P02,3,240
2047,P01,2,89
2048,P01,4,89
2049,P05,2,180
2050,P01,2,89
2050,P07,4,18
2050,P07,3,18
2051,P02,3,240
2051,P04,2,30
2052,P05,3,180
2053,P04,3,30
2054,P04,4,30
2054,P05,3,180
2055,P01,1,89
2056,P05,3,180
2056,P02,3,240
2056,P07,4,18
2057,P01,2,89
2057,P06,2,60
2058,P01,2,89
2058,P01,1,89
2059,P03,2,45
2060,P02,2,240
2060,P07,1,18
2060,P02,2,240
2061,P03,1,45
2061,P06,2,60
2062,P06,3,60
2062,P02,1,240
2062,P01,2,89
2063,P07,1,18
2064,P04,1,30
2064,P05,4,180
2065,P06,1,60
2065,P02,3,240
2066,P07,3,18
2066,P02,4,240
2066,P04,4,30
2067,P01,4,89
2067,P05,1,180
2067,P01,2,89
2068,P04,3,30
2068,P02,1,240
2068,P01,3,89
2069,P07,1,18
2069,P01,4,89
2070,P02,4,240
2071,P02,1,240
2072,P05,2,180
2072,P04,4,30
2072,P07,2,18
2073,P01,2,89
2073,P05,3,180
2074,P01,1,89
2075,P05,1,180
2075,P07,1,18
2076,P01,3,89
2077,P01,4,89
2078,P04,2,30
2079,P07,3,18
2079,P06,2,60
2079,P07,4,18
2080,P05,3,180
2081,P04,4,30
2081,P05,3,180
2081,P06,2,60
2082,P07,2,18
2083,P05,3,180
2084,P07,2,18
2084,P06,3,60
2085,P05,1,180
2085,P05,4,180
2085,P06,1,60
2086,P02,3,240
2086,P06,4,60
2086,P07,4,18
2087,P03,2,45
2087,P02,3,240
2087,P06,1,60
2088,P05,2,180
2088,P06,1,60
2088,P04,2,30
2089,P04,1,30
2090,P07,3,18
2090,P01,3,89
2091,P03,4,45
2092,P07,1,18
2092,P02,4,240
2093,P06,2,60
2093,P01,2,89
2094,P07,1,18
2095,P07,1,18
2096,P06,1,60
2096,P04,2,30
2097,P05,2,180
2097,P07,1,18
2098,P06,1,60
2098,P06,4,60
2099,P05,4,180
2100,P07,4,18
2100,P06,1,60
2101,P06,1,60
2101,P07,4,18
2101,P01,1,89
2102,P05,3,180
2103,P03,3,45
2103,P06,3,60
2104,P02,3,-240
2105,P07,1,18
2105,P02,2,240
2105,P05,3,180
2106,P06,3,60
2107,P02,2,240
2107,P06,3,60
2107,P06,1,60
2108,P06,3,60
2108,P03,3,45
2109,P05,2,180
2110,P04,2,30
2111,P06,1,60
2111,P05,1,180
2111,P05,1,180
2112,P03,1,45
2112,P07,4,18
2113,P02,3,240
2113,P01,1,89
2114,P04,2,30
2115,P05,2,180
2115,P02,4,240
2115,P03,1,45
2116,P04,1,30
2117,P01,1,89
2117,P05,1,180
2118,P02,4,240
2119,P01,4,89
2119,P04,3,30
2119,P05,4,180
2120,P05,3,180
2120,P04,3,30
2120,P04,4,30
2121,P06,3,60
2121,P02,4,240
2122,P07,1,18
2122,P07,1,18
2123,P06,2,60
2123,P02,4,240
2124,P02,4,240
2125,P07,3,18
2125,P03,3,45
2126,P07,3,18
2126,P03,2,45
2127,P05,3,180
2128,P04,1,30
2129,P07,1,18
2130,P03,2,45
2130,P04,2,30
2130,P03,3,45
2131,P03,2,45
2131,P07,3,18
2131,P03,3,45
2132,P06,3,60
2132,P05,2,180
2133,P02,3,240
2134,P02,3,240
2134,P02,1,240
2135,P05,4,180
2136,P03,3,45
2136,P01,4,89
2137,P05,2,180
2137,P07,4,18
2138,P06,2,60
2139,P05,2,180
2139,P05,1,180
2140,P01,1,89
2140,P01,2,89
2141,P02,1,240
2141,P02,1,240
2141,P07,4,18
2142,P01,3,89
2143,P05,1,180
2143,P01,4,89
2144,P04,3,30
2144,P02,3,240
2145,P01,2,89
2145,P01,2,89
2145,P01,4,89
2146,P05,2,180
2146,P04,4,30
2147,P04,1,30
2147,P04,4,30
2147,P01,3,89
2148,P04,3,30
2148,P01,2,89
2149,P02,3,240
2150,P07,1,18
2150,P02,3,240
2150,P04,4,30
2151,P07,1,18
2151,P07,3,18
2151,P01,4,89
2152,P02,4,240
2152,P04,4,30
2153,P02,3,240
2153,P07,4,18
2154,P02,3,240
2154,P07,4,18
2154,P03,1,45
2155,P03,4,45
2155,P03,2,45
2155,P04,4,30
2156,P01,3,89
2157,P05,4,180
2157,P01,2,89
2158,P03,2,45
2158,P05,3,180
2159,P02,3,240
2160,P05,1,180
2161,P02,1,240
2162,P04,1,30
2162,P04,4,30
2162,P03,1,45
2163,P01,1,89
2163,P03,2,45
2164,P04,3,30
2165,P07,2,18
2165,P07,1,18
2166,P01,4,89
2167,P04,1,30
2167,P05,1,180
2168,P03,3,45
2168,P03,4,45
2169,P04,2,30
2169,P01,2,89
2169,P03,2,45
2170,P05,1,180
2170,P04,1,30
2171,P03,1,45
2171,P06,2,60
2172,P05,2,180
2173,P07,2,18
2174,P04,3,30
2174,P07,4,18
2175,P02,1,240
2176,P03,3,45
2177,P05,3,180
2178,P07,4,18
2179,P04,1,30
2179,P06,4,60
2179,P04,3,30
2180,P03,3,45
2180,P07,2,18
2180,P02,3,240
2181,P05,2,180
2181,P07,1,18
2181,P05,4,180
2182,P06,3,60
2182,P03,3,45
2182,P01,4,89
2183,P05,2,180
2184,P02,3,240
2185,P02,2,240
2185,P07,1,18
2186,P03,4,45
2186,P02,3,240
2187,P02,3,240
2188,P06,1,60
2188,P02,4,240
2188,P06,4,60
2189,P03,3,45
2189,P03,2,45
2189,P03,2,45
2190,P04,4,30
2190,P07,1,18
2190,P07,4,18
2191,P05,3,180
2191,P07,1,18
2192,P06,1,60
2193,P06,4,60
2193,P01,3,89
2194,P01,4,89
2195,P01,4,89
2195,P02,2,240
2196,P02,1,240
2196,P05,4,180
2197,P01,1,89
2197,P07,1,18
2198,P03,2,45
2199,P03,1,45
2200,P03,4,45
2201,P03,1,45
2201,P04,2,30
2202,P04,1,30
2203,P01,1,89
2203,P07,2,18
2203,P04,3,30
2204,P06,2,60
2204,P06,2,60
2204,P04,1,30
2205,P05,3,180
2205,P06,4,60
2205,P04,3,30
2206,P05,2,180
2206,P03,1,45
2206,P06,3,60
2207,P06,1,60
2207,P03,4,45
2207,P03,4,45
2208,P02,2,240
2208,P06,4,60
2209,P04,1,30
2210,P02,4,240
2210,P07,4,18
2210,P02,3,240
2211,P06,2,60
2211,P04,1,30
2211,P03,4,45
2212,P02,4,240
2212,P04,2,30
2213,P07,3,18
2214,P03,1,45
2215,P07,2,18
2215,P02,3,240
2215,P07,1,18
2216,P03,4,45
2216,P04,1,30
2216,P04,4,30
2217,P07,3,18
2217,P01,3,-89
2218,P05,1,180
2218,P02,2,240
2219,P05,2,180
2220,P06,2,60
2221,P06,3,60
2221,P03,2,45
2221,P03,3,45
2222,P02,3,240
2222,P06,3,60
2223,P02,3,240
2223,P04,4,30
2223,P05,4,180
2224,P04,4,30
2224,P06,3,60
2225,P04,1,30
2225,P03,3,45
2225,P01,4,89
2226,P06,4,60
2226,P02,3,240
2226,P03,2,45
2227,P01,4,89
2227,P07,1,18
2228,P02,3,240
2229,P01,1,89
2229,P02,2,240
2230,P01,2,89
2230,P01,4,89
2230,P05,2,180
2231,P03,3,45
2231,P06,1,60
2232,P02,1,240
2233,P05,3,180
2233,P04,2,30
2233,P04,4,30
2234,P05,4,180
2234,P05,2,180
2234,P04,3,30
2235,P02,4,240
2236,P01,1,89
2236,P03,1,45
2236,P02,4,240
2237,P04,1,30
2237,P04,1,30
2238,P03,1,45
2238,P05,3,180
2238,P03,4,45
2239,P05,1,180
2239,P05,2,180
2239,P03,2,45
2240,P05,4,180
2240,P06,3,60
2241,P03,1,45
2241,P06,3,60
2242,P04,1,30
2242,P03,3,45
2242,P02,1,240
2243,P04,4,30
2243,P03,3,45
2243,P07,4,18
2244,P06,4,60
2244,P02,2,240
2244,P06,3,60
2245,P06,4,60
2246,P06,1,60
2247,P06,1,60
2247,P04,2,30
2248,P06,4,60
2249,P06,2,60
2249,P01,2,89
2249,P05,2,180
2250,P03,2,45
2251,P02,3,240
2252,P05,4,180
2252,P07,4,18
2253,P05,4,180
2253,P02,1,240
2253,P07,1,18
2254,P03,2,45
2255,P07,1,18
2255,P01,1,89
2255,P01,3,89
2256,P04,2,30
2257,P04,3,30
2257,P02,4,240
2258,P04,1,30
2259,P02,4,240
2259,P02,1,240
2260,P02,3,240
2260,P05,3,180
2260,P06,1,60
2261,P04,1,30
2261,P03,2,45
2262,P01,1,89
2262,P03,1,45
2262,P05,3,180
2263,P06,1,60
2264,P03,4,45
2264,P03,1,45
2265,P07,4,18
2266,P06,4,60
2267,P07,3,18
2267,P07,1,18
2267,P05,1,180
2268,P01,3,89
2268,P07,1,18
2268,P05,3,180
2269,P03,2,45
2269,P07,3,18
2270,P05,3,180
2270,P03,1,45
2270,P01,2,89
2271,P07,4,18
2271,P06,2,60
2272,P02,3,240
2273,P04,3,30
2273,P05,1,180
2274,P02,3,240
2275,P01,4,89
2276,P07,1,18
2276,P01,3,89
2277,P07,4,-18
2278,P06,4,60
2278,P05,3,180
2279,P05,3,180
2279,P07,1,18
2280,P06,1,60
2280,P05,3,180
2281,P05,4,180
2281,P03,1,45
2282,P03,3,45
2283,P07,1,18
2284,P03,3,45
2285,P01,2,89
2285,P01,2,89
2286,P01,4,89
2287,P06,1,60
2287,P01,2,89
2287,P06,4,60
2288,P06,2,60
2289,P07,2,18
2289,P04,1,30
2290,P03,2,45
2291,P04,2,30
2291,P04,3,30
2291,P07,3,18
2292,P04,1,30
2292,P06,1,60
2293,P04,2,30
2293,P06,3,60
2293,P05,2,180
2294,P07,4,18
2294,P05,3,180
2295,P02,4,240
2295,P04,2,30
2295,P07,3,18
2296,P03,2,45
2296,P05,4,180
2296,P01,3,89
2297,P07,3,18
2298,P07,2,18
2298,P07,2,18
2299,P02,3,240
2299,P06,4,60
2299,P07,1,18
2300,P01,3,89
2301,P07,2,18
2302,P07,2,18
2303,P01,4,89
2303,P04,2,30
2304,P03,1,45
2304,P03,4,45
2304,P07,3,18
2305,P04,4,30
2306,P04,1,30
2306,P05,4,180
2307,P05,1,180
2308,P04,4,30
2309,P05,4,180
2309,P06,1,60
2310,P04,2,30
2311,P06,4,60
2311,P03,2,45
2312,P07,2,18
2313,P03,2,-45
2313,P04,4,30
2313,P06,1,60
2314,P06,4,60
2314,P02,2,240
2315,P03,4,45
2315,P03,2,45
2316,P06,4,60
2317,P07,4,18
2317,P05,1,180
2318,P04,1,30
2318,P05,1,180
2319,P01,1,89
2319,P06,2,60
2320,P06,4,60
2320,P04,4,30
2320,P01,4,89
2321,P04,1,30
2322,P07,1,18
2323,P05,3,180
2324,P01,4,89
2324,P01,3,89
2324,P07,4,18
2325,P05,4,180
2325,P05,1,180
2326,P07,1,18
2327,P05,2,180
2327,P06,3,60
2327,P06,2,60
2328,P05,4,180
2328,P07,4,18
2329,P05,4,180
2329,P07,3,18
2329,P04,1,30
2330,P05,4,180
2330,P04,4,30
2330,P04,3,30
2331,P01,3,89
2331,P03,1,45
2332,P02,4,240
2333,P06,1,60
2334,P05,4,180
2334,P05,1,180
2334,P06,3,60
2335,P04,2,30
2336,P06,2,60
2336,P05,1,180
2336,P01,2,89
2337,P05,1,180
2337,P05,2,180
2337,P05,3,180
2338,P01,2,89
2339,P06,2,60
2339,P04,3,30
2339,P05,1,180
2340,P05,2,180
2340,P03,1,45
2341,P03,4,45
2341,P05,2,180
2342,P07,1,18
2342,P07,4,18
2343,P01,2,89
2344,P04,4,30
2345,P02,1,240
2345,P02,1,240
2346,P01,4,89
2346,P01,1,89
2346,P03,2,45
2347,P03,2,45
2348,P02,3,240
2349,P03,4,45
2349,P01,1,89
2350,P07,2,18
2350,P07,3,18
2351,P02,1,240
2352,P01,4,89
2352,P06,4,60
2352,P03,1,45
2353,P03,4,45
2354,P04,4,30
2354,P06,3,60
2354,P01,4,89
2355,P04,1,30
2355,P03,1,45
2355,P07,1,18
2356,P07,1,18
2357,P02,3,240
2357,P07,2,18
2358,P03,4,45
2358,P04,1,30
2358,P04,1,30
2359,P04,3,30
2359,P05,1,180
2359,P05,4,180
2360,P01,2,89
2360,P03,4,45
2360,P03,2,45
2361,P01,3,89
2362,P02,1,240
2362,P04,3,30
2362,P07,3,18
2363,P03,3,45
2364,P04,2,30
2364,P01,4,89
2364,P06,2,60
2365,P01,1,89
2365,P02,2,240
2366,P03,1,45
2366,P06,2,60
2366,P01,3,89
2367,P02,1,240
2367,P05,1,180
2368,P06,4,60
2368,P05,3,180
2368,P01,3,89
2369,P05,1,180
2369,P02,2,240
2369,P07,4,18
2370,P04,3,30
2370,P05,4,180
2371,P04,2,30
2371,P06,1,60
2372,P06,1,60
2373,P01,4,89
2373,P07,2,18
2373,P04,4,30
2374,P03,2,45
2375,P02,1,240
2376,P05,2,180
2376,P01,2,89
2377,P05,3,180
2377,P01,3,89
2378,P03,3,45
2378,P05,4,180
2379,P07,1,18
2380,P02,4,240
2380,P02,2,240
2381,P04,3,30
2382,P06,2,60
2382,P06,3,60
2382,P05,4,180
2383,P05,3,180
2384,P07,3,18
2385,P03,1,45
2385,P03,2,45
2385,P04,4,30
2386,P02,4,240
2386,P04,1,30
2387,P05,2,180
2387,P07,3,18
2387,P07,4,18
2388,P06,4,60
2388,P03,4,45
2388,P03,4,45
2389,P04,3,30
2389,P03,1,45
2389,P07,1,18
2390,P05,2,180
2390,P04,2,30
2391,P04,1,30
2391,P02,3,240
2392,P04,1,30
2392,P04,4,30
2392,P02,1,240
2393,P04,3,30
2394,P05,2,180
2394,P06,1,60
2394,P01,1,89
2395,P06,3,60
2395,P06,1,60
2396,P05,1,180
2396,P01,4,89
2396,P06,1,60
2397,P02,3,240
2398,P06,3,60
2398,P01,4,89
2398,P02,4,240
2399,P03,2,45
2399,P01,2,89
2400,P06,2,60
2400,P06,1,60
2400,P03,4,45
2401,P02,4,240
2402,P07,3,18
2402,P06,2,60
2402,P07,3,18
2403,P06,3,60
2403,P02,4,240
2403,P07,4,18
2404,P01,1,89
2404,P05,3,180
2405,P06,1,60
2406,P01,3,89
2406,P01,1,89
2406,P02,3,240
2407,P06,4,60
2407,P06,2,60
2408,P05,1,180
2409,P02,4,240
2409,P07,2,18
2409,P06,4,60
2410,P01,3,89
2410,P02,2,240
2411,P06,2,60
2411,P03,2,45
2411,P06,4,60
2412,P06,2,60
2412,P07,2,18
2412,P05,4,180
2413,P07,1,18
2413,P07,4,18
2414,P01,3,89
2414,P07,1,18
2415,P06,3,60
2416,P06,1,60
2416,P06,1,60
2416,P03,1,45
2417,P02,1,240
2417,P04,4,30
2418,P01,1,89
2419,P06,4,60
2419,P06,2,60
2420,P05,2,180
2420,P01,3,89
2421,P03,4,45
2422,P03,2,45
2422,P07,4,18
2423,P06,2,60
2423,P04,2,30
2424,P06,1,60
2425,P07,1,18
2425,P05,2,180
2426,P01,2,89
2427,P02,2,240
2427,P06,2,60
2428,P02,4,240
2428,P05,3,180
2428,P06,1,60
2429,P06,2,60
2429,P02,4,240
2429,P07,4,18
2430,P06,2,60
2430,P07,3,18
2430,P02,4,240
2431,P03,3,45
2432,P02,3,240
2432,P05,3,180
2432,P01,3,89
2433,P04,1,30
2433,P01,2,89
2434,P01,3,89
2434,P02,3,240
2435,P06,2,60
2435,P04,4,30
2435,P03,4,45
2436,P06,3,60
2437,P07,2,18
2438,P03,1,45
2439,P05,4,180
2439,P07,2,18
2440,P01,2,89
2440,P01,3,89
2440,P04,4,30
2441,P06,4,60
2441,P05,4,180
2441,P03,2,45
2442,P02,4,240
2443,P02,4,240
2444,P06,4,60
2444,P02,3,240
2445,P03,1,45
2445,P06,2,60
2446,P05,2,180
2446,P05,1,180
2447,P07,1,18
2447,P06,1,60
2448,P05,2,180
2449,P03,4,45
2450,P03,1,45
2451,P03,1,-45
2451,P05,2,180
2451,P07,2,18
2452,P04,3,30
2453,P01,4,89
2453,P01,2,89
2453,P04,3,30
2454,P03,2,45
2455,P05,4,180
2455,P02,2,240
2455,P02,3,240
2456,P07,2,18
2457,P06,1,60
2457,P04,2,30
2458,P05,1,180
2458,P03,1,45
2458,P06,4,60
2459,P02,1,240
2460,P03,4,45
2460,P03,1,45
2461,P03,1,45
2461,P02,4,240
2462,P01,1,89
2462,P01,4,89
2463,P01,2,89
2463,P07,3,18
2463,P04,1,30
2464,P04,1,30
2464,P04,2,30
2465,P04,3,30
2465,P06,2,60
2465,P07,4,18
2466,P05,2,180
2467,P06,3,60
2468,P05,3,180
2468,P03,2,45
2469,P03,4,45
2469,P01,1,89
2470,P02,1,240
2470,P01,2,89
2470,P04,4,30
2471,P02,1,240
2471,P06,4,60
2472,P07,3,18
2472,P01,3,89
2473,P07,2,18
2473,P01,3,89
2473,P07,3,18
2474,P01,3,89
2475,P04,4,30
2476,P06,2,60
2477,P05,4,180
2478,P06,1,60
2479,P06,4,60
2479,P03,4,45
2479,P03,4,45
2480,P07,3,18
2480,P06,3,60
2481,P01,4,89
2481,P07,1,18
2482,P02,2,240
2482,P06,2,60
2483,P01,1,89
2483,P03,2,45
2484,P06,1,60
2485,P01,4,89
2485,P07,4,18
2486,P02,4,240
2486,P04,3,30
2486,P01,4,89
2487,P04,3,30
2487,P02,1,240
2488,P04,3,30
2488,P07,2,18
2488,P02,3,240
2489,P01,1,89
2489,P06,4,60
2489,P04,2,30
2490,P03,1,45
2490,P07,3,18
2490,P03,4,45
2491,P06,4,60
2491,P07,3,18
2491,P02,3,240
2492,P01,3,89
2493,P06,3,60
2494,P02,2,240
2494,P07,3,18
2495,P04,4,30
2495,P06,1,60
2495,P05,1,180
2496,P06,1,60
2497,P02,2,240
2498,P03,4,45
2499,P04,1,30
2499,P02,3,240
2499,P07,2,18
2500,P01,1,89
2500,P02,1,240
2500,P07,1,18
2501,P04,4,30
2502,P03,3,45
2503,P07,1,18
2504,P02,4,240
2504,P03,1,45
2504,P06,1,60
2505,P06,2,60
2505,P07,4,18
2505,P04,4,30
2506,P02,2,240
2507,P02,2,240
2507,P06,3,60
2507,P07,2,18
2508,P03,2,45
2509,P02,3,240
2510,P06,3,60
2510,P02,1,240
2510,P05,3,180
2511,P05,3,180
2511,P03,1,45
2512,P04,1,30
2512,P02,4,240
2512,P01,1,89
2513,P06,3,60
2513,P06,4,60
2513,P06,1,60
2514,P03,2,45
2514,P04,3,30
2515,P07,2,18
2515,P05,3,180
2516,P07,3,18
2516,P05,3,180
2517,P06,2,60
2517,P05,4,180
2517,P04,4,30
2518,P07,3,18
2519,P02,4,240
2520,P07,1,18
2520,P04,2,30
2520,P04,4,-30
2521,P06,3,60
2521,P06,3,60
2521,P03,3,45
2522,P02,3,240
2523,P01,4,89
2524,P07,1,18
2525,P04,4,30
2526,P03,4,45
2526,P04,1,30
2526,P05,3,180
2527,P03,2,45
2527,P06,1,60
2528,P02,3,240
2529,P05,2,180
2530,P07,2,18
2530,P02,1,240
2530,P04,1,30
2531,P06,1,60
2532,P05,1,180
2533,P06,2,60
2534,P03,1,45
2535,P04,2,30
2535,P03,1,45
2536,P04,4,30
2536,P01,4,89
2536,P06,4,60
2537,P04,2,30
2537,P05,2,180
2537,P01,4,89
2538,P02,3,240
2539,P07,3,18
2539,P02,3,240
2540,P04,4,30
2540,P01,1,89
2541,P07,2,18
2542,P01,2,89
2543,P07,4,18
2544,P04,3,30
2544,P03,2,45
2544,P03,2,45
2545,P07,4,18
2545,P04,1,30
2545,P02,1,240
2546,P02,2,240
2546,P04,4,30
2547,P03,4,45
2547,P07,3,18
2548,P06,2,60
2548,P04,4,30
2549,P07,1,18
2550,P02,4,240
2551,P04,1,30
2552,P06,2,60
2553,P05,3,180
2553,P02,3,240
2553,P05,1,180
2554,P04,1,30
2555,P01,4,89
2555,P07,4,18
2556,P04,2,30
2556,P04,2,30
2557,P06,4,60
2557,P02,2,240
2558,P02,3,240
2558,P04,1,30
2559,P03,4,45
2559,P02,3,240
2560,P05,4,180
2561,P03,4,45
2562,P02,4,240
2563,P01,4,89
2563,P07,2,18
2563,P03,4,45
2564,P03,3,45
2564,P01,4,89
2565,P04,1,30
2565,P07,4,18
2565,P02,3,240
2566,P01,3,89
2567,P06,2,60
2568,P07,2,18
2568,P03,2,45
2568,P04,3,30
2569,P04,4,30
2570,P03,3,45
2570,P05,4,180
2570,P01,1,89
2571,P05,4,180
2571,P03,4,45
2572,P06,3,60
2572,P02,3,240
2572,P06,2,60
2573,P06,3,60
2573,P04,4,30
2573,P05,1,180
2574,P06,1,60
2575,P02,3,240
2575,P06,4,60
2576,P05,2,180
2576,P07,4,18
2576,P06,1,60
2577,P07,4,18
2577,P03,2,45
2578,P01,2,89
2578,P06,3,60
2578,P07,3,18
2579,P07,1,18
2579,P07,4,18
2580,P02,3,240
2580,P02,1,240
2580,P03,2,45
2581,P03,2,45
2581,P03,1,45
2582,P01,4,89
2582,P05,2,180
2582,P04,1,30
2583,P03,3,45
2583,P02,3,240
2584,P02,4,240
2584,P05,2,180
2584,P04,2,30
2585,P04,3,30
2585,P05,4,180
2586,P07,2,18
2587,P04,4,30
2587,P04,1,30
2588,P06,2,60
2588,P05,1,180
2588,P07,3,18
2589,P06,1,60
2590,P01,3,89
2591,P01,4,89
2592,P02,3,240
2592,P04,3,30
2593,P07,3,18
2593,P07,2,18
2593,P04,2,30
2594,P02,2,240
2594,P07,2,18
2595,P05,3,180
2596,P03,1,45
2596,P07,4,18
2597,P04,2,30
2597,P07,2,18
2598,P03,3,45
2598,P01,1,89
2598,P04,4,30
2599,P03,2,45
2600,P07,1,18
2600,P03,2,45
2600,P03,4,45
2601,P01,2,89
2602,P04,2,30
2603,P02,1,240
2604,P04,3,30
2604,P07,3,18
2605,P03,1,45
2605,P03,4,45
2605,P02,4,240
2606,P04,3,30
2606,P07,1,18
2606,P07,4,18
2607,P02,3,240
2607,P05,3,180
2608,P03,2,45
2608,P01,2,89
2609,P04,2,30
2610,P05,3,180
2610,P07,1,18
2611,P04,3,30
2611,P07,3,18
2611,P02,3,240
2612,P07,1,18
2612,P07,3,18
2613,P01,2,89
2614,P05,2,180
2614,P04,2,30
2615,P02,4,240
2615,P04,2,30
2615,P02,4,240
2616,P07,2,18
2616,P03,3,45
2617,P06,2,60
2617,P07,3,18
2618,P01,3,89
2618,P03,1,45
2619,P06,3,60
2620,P05,4,180
2620,P02,2,240
2621,P04,1,30
2621,P07,3,18
2621,P06,2,60
2622,P05,1,180
2622,P05,4,180
2623,P04,2,30
2623,P03,3,45
2623,P03,2,45
2624,P06,1,60
2624,P07,4,18
2624,P07,3,18
2625,P04,2,30
2625,P06,3,60
2625,P06,3,60
2626,P02,1,240
2627,P07,3,18
2627,P07,4,18
2627,P02,3,240
