order_id,customer_id,order_date
1,1,2024-02-11
2,1,2024-07-27
3,2,2024-10-12
4,2,2024-05-10
5,2,2024-09-04
6,3,2024-09-24
7,3,2024-12-24
8,3,2024-02-21
9,3,2024-03-26
10,3,2024-01-20
11,3,2024-03-20
12,4,2024-03-09
13,4,2024-03-16
14,4,2024-01-19
15,4,2024-01-26
16,5,2024-06-10
17,5,2024-09-30
18,5,2024-05-15
19,5,2024-04-30
20,6,2024-01-09
21,6,2024-07-26
22,6,2024-10-17
23,7,2024-10-15
24,7,2024-01-22
25,7,2024-02-12
26,7,2024-10-11
27,7,2024-12-10
28,8,2024-07-06
29,8,2024-12-23
30,8,2024-04-15
31,8,2024-09-22
32,8,2024-06-02
33,9,2024-03-06
34,9,2024-09-07
35,10,2024-05-15
36,10,2024-10-18
37,10,2024-09-02
38,10,2024-04-14
39,11,2024-04-20
40,11,2024-02-13
41,11,2024-01-12
42,12,2024-01-03
43,12,2024-10-31
44,12,2024-03-27
45,12,2024-05-03
46,12,2024-07-10
47,12,2024-10-09
48,12,2024-02-05
49,13,2024-10-25
50,13,2024-06-25
51,13,2024-06-11
52,14,2024-11-21
53,14,2024-12-12
54,14,2024-06-09
55,14,2024-07-22
56,14,2024-04-11
57,14,2024-04-08
58,14,2024-03-22
59,15,2024-10-03
60,15,2024-07-07
61,15,2024-09-10
62,15,2024-04-05
63,16,2024-06-06
64,16,2024-04-03
65,17,2024-07-11
66,17,2024-03-19
67,18,2024-11-23
68,18,2024-04-14
69,18,2024-05-08
70,18,2024-11-25
71,19,2024-08-25
72,19,2024-11-08
73,20,2024-09-08
74,20,2024-06-05
75,20,2024-03-04
76,20,2024-06-01
77,20,2024-09-23
78,20,2024-09-03
79,20,2024-02-09
80,21,2024-12-04
81,21,2024-01-15
82,21,2024-01-21
83,21,2024-08-14
84,21,2024-10-01
85,21,2024-11-01
86,21,2024-04-26
87,22,2024-01-01
88,22,2024-09-04
89,22,2024-02-09
90,23,2024-10-20
91,23,2024-07-18
92,23,2024-05-24
93,23,2024-07-12
94,23,2024-09-19
95,23,2024-04-23
96,24,2024-07-09
97,24,2024-09-18
98,24,2024-01-13
99,24,2024-08-10
100,24,2024-03-27
101,25,2024-12-05
102,25,2024-05-17
103,25,2024-01-02
104,25,2024-03-21
105,25,2024-05-17
106,26,2024-11-13
107,26,2024-02-08
108,26,2024-06-04
109,27,2024-02-14
110,27,2024-05-13
111,27,2024-01-05
112,27,2024-05-17
113,27,2024-11-07
114,27,2024-08-22
115,27,2024-08-04
116,28,2024-12-18
117,28,2024-03-02
118,28,2024-11-22
119,29,2024-04-05
120,29,2024-06-21
121,30,2024-10-16
122,30,2024-10-03
123,30,2024-12-22
124,31,2024-11-10
125,31,2024-03-22
126,31,2024-08-10
127,31,2024-09-03
128,32,2024-09-07
129,32,2024-08-03
130,33,2024-07-01
131,33,2024-09-16
132,33,2024-09-30
133,34,2024-09-20
134,34,2024-10-10
135,34,2024-07-31
136,34,2024-01-24
137,34,2024-04-15
138,34,2024-05-06
139,34,2024-05-07
140,34,2024-08-12
141,35,2024-11-18
142,36,2024-06-18
143,36,2024-09-27
144,36,2024-08-26
145,36,2024-04-17
146,37,2024-06-06
147,37,2024-11-09
148,37,2024-02-03
149,37,2024-06-20
150,37,2024-01-04
151,38,2024-06-13
152,38,2024-06-10
153,38,2024-11-19
154,39,2024-03-20
155,39,2024-05-26
156,39,2024-09-15
157,39,2024-06-01
158,39,2024-05-07
159,39,2024-08-07
160,39,2024-01-17
161,40,2024-04-03
162,40,2024-03-01
163,40,2024-07-09
164,40,2024-03-05
165,40,2024-09-10
166,40,2024-08-31
167,40,2024-07-23
168,40,2024-12-14
169,41,2024-04-12
170,41,2024-05-21
171,41,2024-04-25
172,41,2024-04-27
173,42,2024-10-09
174,42,2024-02-09
175,42,2024-09-26
176,42,2024-03-27
177,42,2024-08-17
178,42,2024-06-08
179,42,2024-01-27
180,42,2024-01-18
181,43,2024-01-15
182,44,2024-06-06
183,44,2024-07-17
184,44,2024-04-16
185,44,2024-01-20
186,45,2024-01-18
187,45,2024-02-09
188,45,2024-06-10
189,45,2024-02-26
190,46,2024-04-19
191,46,2024-09-09
192,46,2024-12-08
193,46,2024-03-13
194,46,2024-05-20
195,46,2024-05-18
196,46,2024-05-20
197,46,2024-10-05
198,47,2024-10-21
199,47,2024-08-25
200,48,2024-08-12
201,49,2024-08-03
202,49,2024-11-08
203,49,2024-06-20
204,49,2024-07-17
205,49,2024-02-18
206,49,2024-02-09
207,49,2024-02-25
208,50,2024-06-19
209,50,2024-11-25
210,50,2024-10-03
211,50,2024-10-13
212,50,2024-11-15
213,50,2024-02-04
214,50,2024-12-03
215,51,2024-08-26
216,51,2024-03-22
217,51,2024-11-23
218,51,2024-05-21
219,51,2024-02-14
220,51,2024-09-23
221,52,2024-06-18
222,52,2024-06-18
223,52,2024-02-13
224,53,2024-12-03
225,53,2024-10-26
226,54,2024-04-08
227,54,2024-04-15
228,55,2024-08-07
229,55,2024-04-11
230,55,2024-02-03
231,55,2024-04-02
232,55,2024-12-24
233,55,2023-12-31
234,56,2024-02-29
235,57,2024-08-24
236,57,2024-12-22
237,58,2024-05-16
238,58,2024-10-03
239,58,2024-10-27
240,58,2024-04-02
241,59,2024-01-01
242,59,2024-07-22
243,59,2024-03-14
244,59,2024-10-06
245,59,2024-02-22
246,59,2024-10-17
247,59,2024-06-20
248,59,2024-09-22
249,60,2024-09-25
250,60,2024-09-18
251,60,2024-01-15
252,60,2024-01-03
253,60,2024-02-20
254,61,2024-06-23
255,61,2024-09-20
256,61,2024-01-15
257,61,2024-03-04
258,61,2024-08-18
259,61,2024-03-13
260,61,2024-03-26
261,62,2024-03-22
262,62,2024-12-06
263,62,2024-03-10
264,62,2024-05-04
265,62,2024-07-06
266,63,2024-04-10
267,63,2024-03-27
268,63,2024-05-25
269,63,2024-10-26
270,63,2024-08-04
271,63,2024-01-31
272,63,2024-09-26
273,64,2024-10-12
274,64,2024-05-09
275,64,2024-06-22
276,64,2024-02-29
277,64,2024-08-11
278,64,2024-03-23
279,64,2024-06-27
280,65,2024-08-14
281,65,2024-11-04
282,65,2024-02-10
283,65,2024-06-01
284,65,2024-04-15
285,65,2024-07-17
286,65,2024-03-14
287,66,2024-01-15
288,66,2024-08-13
289,66,2024-07-06
290,66,2024-03-04
291,66,2024-01-05
292,66,2024-10-31
293,66,2024-11-17
294,67,2024-12-18
295,67,2024-05-10
296,67,2024-06-06
297,67,2024-08-06
298,68,2024-11-06
299,68,2024-09-02
300,68,2024-08-17
301,68,2024-04-21
302,69,2024-03-20
303,69,2024-05-09
304,69,2024-07-12
305,69,2024-09-08
306,69,2024-01-01
307,70,2024-11-16
308,70,2024-02-20
309,70,2024-02-10
310,70,2024-12-16
311,71,2024-01-10
312,71,2024-10-10
313,72,2024-08-02
314,72,2024-04-25
315,72,2024-11-27
316,72,2024-11-05
317,73,2024-06-23
318,73,2024-08-11
319,73,2024-05-19
320,73,2024-08-08
321,73,2024-03-11
322,73,2024-02-12
323,74,2024-12-27
324,74,2024-04-07
325,74,2024-12-05
326,75,2024-03-15
327,75,2024-09-19
328,75,2024-06-10
329,75,2024-09-26
330,75,2024-06-25
331,75,2024-10-22
332,75,2024-03-03
333,75,2024-08-17
334,76,2024-12-27
335,76,2024-08-20
336,76,2024-01-19
337,76,2024-04-12
338,76,2024-11-21
339,76,2024-08-07
340,76,2024-03-06
341,77,2024-04-05
342,77,2024-11-21
343,77,2024-10-16
344,77,2024-07-19
345,78,2024-04-14
346,78,2024-02-08
347,79,2024-07-26
348,79,2024-02-18
349,80,2024-09-25
350,80,2024-05-22
351,80,2024-04-17
352,80,2024-05-26
353,80,2024-04-09
354,80,2024-09-30
355,80,2024-06-14
356,80,2024-01-05
357,81,2024-04-04
358,81,2024-02-23
359,81,2024-09-14
360,81,2024-10-18
361,82,2024-06-11
362,82,2024-08-25
363,82,2024-10-13
364,83,2024-08-21
365,83,2024-09-26
366,83,2024-07-14
367,83,2024-12-21
368,84,2024-08-22
369,84,2024-02-07
370,84,2024-02-21
371,84,2024-06-13
372,84,2024-06-07
373,84,2024-08-07
374,85,2024-09-07
375,85,2024-12-23
376,86,2024-10-25
377,86,2024-04-03
378,86,2024-07-09
379,86,2024-09-22
380,86,2024-10-24
381,87,2024-04-20
382,87,2024-03-07
383,87,2024-09-13
384,87,2024-02-10
385,87,2024-04-07
386,87,2024-02-03
387,87,2024-03-03
388,87,2024-10-22
389,88,2024-04-15
390,88,2024-05-31
391,88,2024-01-17
392,88,2024-02-18
393,88,2024-08-17
394,88,2024-04-01
395,88,2024-06-24
396,89,2024-10-21
397,89,2024-10-25
398,89,2024-03-08
399,90,2024-10-17
400,90,2024-11-16
401,90,2024-01-09
402,91,2024-10-16
403,92,2024-06-30
404,92,2024-08-07
405,92,2024-07-14
406,93,2024-06-12
407,93,2024-01-24
408,93,2024-04-11
409,93,2024-03-03
410,93,2024-02-24
411,93,2024-09-24
412,94,2024-04-19
413,94,2024-02-15
414,94,2024-12-23
415,94,2024-05-26
416,94,2024-11-25
417,94,2024-01-01
418,95,2024-09-18
419,95,2024-10-24
420,95,2024-01-02
421,96,2024-06-10
422,96,2024-04-30
423,97,2024-04-21
424,97,2024-05-27
425,97,2024-12-21
426,97,2024-04-17
427,97,2024-06-09
428,97,2024-09-25
429,97,2024-06-08
430,98,2024-11-23
431,98,2024-11-09
432,98,2024-06-16
433,98,2024-08-05
434,98,2024-04-16
435,98,2024-08-17
436,99,2024-08-31
437,99,2024-09-26
438,99,2024-02-01
439,99,2024-08-13
440,100,2024-03-20
441,100,2024-08-12
442,101,2024-04-13
443,102,2024-11-01
444,102,2024-12-07
445,102,2024-04-02
446,102,2024-05-09
447,102,2024-01-13
448,102,2024-02-01
449,102,2024-11-23
450,103,2024-10-24
451,103,2024-07-21
452,104,2024-02-12
453,104,2024-08-07
454,104,2024-09-01
455,104,2024-11-01
456,105,2024-08-03
457,105,2024-02-04
458,105,2024-10-05
459,105,2024-10-22
460,105,2024-10-07
461,106,2024-05-20
462,106,2024-03-20
463,107,2024-07-14
464,107,2024-05-06
465,107,2024-11-16
466,107,2024-06-25
467,107,2024-11-10
468,107,2024-09-19
469,108,2024-05-12
470,108,2024-03-02
471,108,2024-05-03
472,108,2024-02-22
473,108,2024-01-22
474,108,2024-05-19
475,108,2024-12-22
476,109,2024-04-03
477,109,2024-05-03
478,110,2024-03-21
479,110,2024-07-20
480,110,2024-09-23
481,110,2024-12-24
482,111,2024-10-11
483,112,2024-05-14
484,112,2024-07-17
485,112,2024-11-01
486,113,2024-08-26
487,113,2024-06-08
488,113,2024-10-02
489,113,2024-02-18
490,113,2024-11-21
491,113,2024-11-05
492,114,2024-03-07
493,114,2024-10-27
494,114,2024-02-24
495,115,2024-08-24
496,115,2024-02-23
497,116,2024-04-01
498,116,2024-05-06
499,116,2024-01-20
500,117,2024-04-06
501,117,2024-08-24
502,117,2024-09-24
503,117,2024-10-19
504,117,2024-08-09
505,117,2024-09-07
506,117,2024-09-11
507,118,2024-05-19
508,118,2024-08-20
509,118,2024-09-05
510,119,2024-07-11
511,120,2024-04-26
512,120,2024-04-07
513,120,2024-05-12
514,120,2024-10-10
515,120,2024-04-15
516,120,2024-04-01
517,120,2024-10-01
518,121,2024-10-20
519,122,2024-02-12
520,122,2024-08-09
521,122,2024-10-21
522,122,2024-06-01
523,123,2024-01-23
524,123,2024-09-05
525,123,2024-09-05
526,123,2024-02-01
527,123,2024-03-16
528,124,2024-01-01
529,124,2024-04-12
530,124,2024-10-25
531,124,2024-12-25
532,124,2024-09-07
533,124,2024-01-20
534,124,2024-10-09
535,125,2024-05-26
536,125,2024-01-18
537,125,2024-07-18
538,125,2024-08-01
539,125,2024-04-13
540,125,2024-12-08
541,125,2024-07-12
542,126,2024-09-20
543,126,2024-02-09
544,126,2024-06-04
545,126,2024-11-24
546,126,2024-07-01
547,127,2024-04-27
548,127,2024-12-16
549,128,2024-09-18
550,128,2024-06-27
551,128,2024-07-21
552,128,2024-10-20
553,128,2024-11-12
554,129,2024-09-14
555,129,2024-04-12
556,129,2024-12-15
557,130,2024-02-08
558,130,2024-10-12
559,130,2024-10-01
560,130,2024-10-14
561,130,2024-07-09
562,130,2024-10-24
563,130,2024-10-11
564,131,2024-08-13
565,131,2024-05-14
566,131,2024-08-25
567,131,2024-02-14
568,132,2024-01-06
569,132,2024-12-13
570,132,2024-10-08
571,132,2024-06-14
572,132,2024-07-22
573,132,2024-07-17
574,132,2024-06-16
575,133,2024-10-21
576,133,2024-12-03
577,133,2024-03-04
578,134,2024-04-25
579,134,2024-12-06
580,135,2024-07-18
581,135,2024-08-27
582,135,2024-08-27
583,135,2024-07-10
584,135,2024-03-18
585,135,2024-08-26
586,135,2024-06-08
587,135,2024-02-21
588,136,2024-05-03
589,136,2024-05-23
590,136,2024-06-07
591,136,2024-10-06
592,136,2024-05-26
593,136,2024-01-07
594,136,2024-03-18
595,137,2024-10-01
596,137,2024-03-23
597,137,2024-07-21
598,137,2024-06-26
599,137,2024-04-20
600,138,2024-06-30
601,138,2024-04-10
602,139,2024-04-02
603,140,2024-11-27
604,140,2024-04-02
605,141,2024-03-19
606,141,2024-01-24
607,142,2024-04-07
608,142,2024-06-13
609,142,2024-11-12
610,142,2024-09-23
611,142,2024-12-05
612,142,2024-09-05
613,142,2024-09-25
614,143,2024-07-15
615,143,2024-09-18
616,143,2024-10-15
617,143,2024-12-24
618,143,2024-05-26
619,143,2024-11-04
620,144,2024-10-13
621,144,2024-07-26
622,144,2024-12-10
623,144,2023-12-31
624,145,2024-07-08
625,145,2024-05-01
626,145,2024-06-04
627,145,2024-05-25
628,145,2024-08-17
629,145,2024-08-11
630,146,2024-09-24
631,147,2024-08-23
632,147,2024-09-05
633,147,2024-03-05
634,147,2024-07-04
635,147,2024-03-11
636,147,2024-09-01
637,147,2024-04-25
638,147,2024-04-07
639,148,2024-12-25
640,148,2024-05-17
641,148,2024-04-16
642,148,2024-12-23
643,149,2024-12-17
644,149,2024-06-27
645,149,2024-05-02
646,149,2024-11-19
647,149,2024-02-22
648,149,2024-04-02
649,149,2024-09-26
650,150,2024-03-08
651,150,2024-07-19
652,150,2024-08-11
653,150,2024-05-25
654,150,2024-08-19
655,151,2024-08-12
656,151,2024-07-05
657,151,2024-06-07
658,151,2024-12-12
659,151,2024-05-01
660,151,2024-07-08
661,151,2024-12-07
662,152,2024-12-25
663,152,2024-06-05
664,152,2024-03-12
665,153,2024-08-07
666,153,2024-03-10
667,153,2024-05-25
668,153,2024-01-11
669,153,2024-09-16
670,153,2024-05-08
671,153,2024-11-17
672,154,2024-12-17
673,154,2024-07-06
674,154,2024-06-11
675,154,2024-12-21
676,154,2024-11-19
677,154,2024-04-17
678,154,2024-12-18
679,155,2024-12-12
680,155,2024-11-14
681,156,2024-09-19
682,157,2024-08-18
683,157,2024-03-22
684,157,2024-08-17
685,158,2024-10-21
686,158,2024-07-10
687,158,2024-05-06
688,158,2024-06-24
689,159,2024-06-30
690,159,2024-11-30
691,159,2024-06-05
692,159,2024-01-17
693,159,2024-03-15
694,159,2024-04-13
695,159,2024-07-14
696,160,2024-09-20
697,160,2024-12-05
698,160,2024-02-12
699,160,2024-08-04
700,160,2024-03-22
701,161,2024-02-05
702,161,2024-07-15
703,161,2024-05-19
704,161,2024-01-06
705,161,2024-01-17
706,162,2024-12-24
707,162,2024-11-25
708,162,2024-04-12
709,162,2024-12-04
710,162,2024-03-26
711,163,2024-05-24
712,163,2024-03-18
713,164,2024-07-19
714,164,2024-05-21
715,164,2024-05-06
716,164,2024-01-13
717,165,2024-08-20
718,165,2024-07-01
719,165,2024-07-12
720,165,2024-09-20
721,165,2024-11-30
722,165,2024-06-21
723,166,2024-03-25
724,166,2024-04-19
725,166,2024-06-23
726,166,2024-03-31
727,166,2024-03-04
728,166,2024-01-05
729,166,2024-06-09
730,166,2024-09-24
731,167,2024-06-25
732,167,2024-10-17
733,167,2024-05-18
734,167,2024-09-24
735,167,2024-11-06
736,167,2024-01-07
737,167,2024-04-07
738,167,2024-03-04
739,168,2024-07-21
740,168,2024-11-22
741,168,2024-03-07
742,168,2024-12-08
743,168,2024-05-21
744,168,2024-01-06
745,168,2024-04-22
746,169,2024-12-08
747,170,2024-11-20
748,170,2024-02-01
749,170,2024-12-26
750,170,2024-05-01
751,171,2024-08-08
752,171,2024-12-23
753,171,2024-11-15
754,171,2024-11-18
755,172,2024-03-24
756,173,2024-06-08
757,174,2024-07-07
758,174,2024-02-01
759,174,2024-02-25
760,175,2024-11-17
761,175,2024-02-23
762,175,2024-02-02
763,175,2024-06-30
764,175,2024-02-02
765,176,2024-09-22
766,176,2024-05-04
767,176,2024-07-09
768,176,2024-02-20
769,176,2024-02-23
770,176,2024-05-06
771,177,2024-11-06
772,177,2024-09-17
773,177,2024-01-23
774,177,2024-10-19
775,177,2024-06-30
776,177,2024-12-22
777,178,2024-09-10
778,178,2024-12-08
779,178,2024-10-18
780,178,2024-12-27
781,178,2024-10-09
782,178,2024-06-19
783,179,2024-08-04
784,179,2024-06-14
785,180,2024-08-21
786,180,2024-07-16
787,180,2024-09-12
788,180,2024-04-13
789,180,2024-05-07
790,180,2024-11-25
791,181,2024-11-11
792,181,2024-02-16
793,181,2024-08-18
794,181,2024-05-09
795,181,2024-02-12
796,181,2024-12-08
797,181,2024-01-17
798,182,2024-04-11
799,182,2024-10-06
800,182,2024-09-11
801,182,2024-08-08
802,182,2024-09-14
803,182,2024-08-05
804,182,2024-06-10
805,183,2024-06-21
806,183,2024-01-02
807,183,2024-11-18
808,183,2024-05-15
809,183,2024-04-15
810,183,2024-05-31
811,183,2024-10-07
812,183,2024-04-24
813,184,2024-10-18
814,185,2024-07-07
815,185,2024-11-05
816,185,2024-09-15
817,185,2024-06-15
818,185,2024-05-03
819,186,2024-01-23
820,186,2024-02-22
821,186,2024-11-06
822,187,2024-07-09
823,187,2024-11-24
824,187,2024-11-16
825,187,2024-05-10
826,187,2024-07-24
827,187,2024-10-05
828,188,2024-11-30
829,188,2024-11-17
830,188,2024-06-08
831,188,2024-05-07
832,188,2024-04-26
833,188,2024-08-31
834,188,2024-03-10
835,188,2024-07-10
836,189,2024-07-25
837,189,2024-06-17
838,189,2024-06-17
839,189,2024-07-13
840,189,2024-10-07
841,190,2024-06-05
842,190,2024-08-18
843,190,2024-09-05
844,190,2024-10-06
845,190,2024-08-06
846,190,2024-07-15
847,190,2024-01-11
848,191,2024-06-02
849,191,2024-04-25
850,191,2024-08-12
851,191,2024-06-14
852,191,2024-07-31
853,191,2024-12-18
854,191,2024-11-24
855,191,2024-08-23
856,192,2024-02-05
857,192,2024-03-15
858,193,2024-02-18
859,193,2024-04-23
860,193,2024-04-23
861,193,2024-12-26
862,193,2024-07-25
863,194,2024-05-09
864,194,2024-08-20
865,194,2024-08-18
866,194,2024-01-23
867,194,2024-06-13
868,194,2024-06-12
869,194,2024-04-20
870,195,2024-12-04
871,195,2024-12-04
872,196,2024-03-13
873,196,2024-09-21
874,196,2024-04-05
875,196,2024-09-08
876,196,2024-07-27
877,197,2024-01-02
878,197,2024-08-31
879,197,2024-04-30
880,198,2024-05-03
881,198,2024-01-08
882,198,2024-05-06
883,198,2024-02-11
884,199,2024-08-09
885,199,2024-06-01
886,199,2024-12-10
887,199,2024-06-05
888,199,2024-03-08
889,200,2024-08-13
890,201,2024-08-25
891,201,2024-01-22
892,201,2024-05-03
893,201,2024-10-22
894,201,2024-01-11
895,201,2024-01-03
896,202,2024-03-10
897,202,2024-05-21
898,202,2024-10-22
899,202,2024-03-20
900,203,2024-07-31
901,203,2024-05-26
902,204,2024-02-12
903,204,2024-05-17
904,204,2024-07-01
905,205,2024-11-20
906,205,2024-03-27
907,206,2024-12-15
908,206,2024-01-07
909,206,2024-01-17
910,206,2024-04-02
911,206,2024-03-09
912,206,2024-02-20
913,206,2024-02-27
914,206,2024-07-05
915,207,2024-08-25
916,207,2024-02-29
917,207,2024-06-01
918,207,2024-07-08
919,207,2024-08-01
920,207,2024-05-14
921,207,2024-02-23
922,207,2024-06-06
923,208,2024-07-25
924,208,2024-11-02
925,208,2024-03-25
926,208,2024-02-06
927,209,2024-10-11
928,209,2024-03-26
929,209,2024-12-26
930,209,2024-08-10
931,209,2024-03-02
932,209,2024-08-05
933,209,2024-11-02
934,210,2024-03-22
935,210,2024-11-04
936,210,2024-02-18
937,210,2024-08-14
938,210,2024-11-27
939,210,2024-02-25
940,211,2024-09-02
941,211,2024-01-24
942,211,2024-10-26
943,211,2024-12-04
944,212,2024-07-12
945,213,2024-11-19
946,213,2024-12-21
947,213,2024-02-15
948,213,2024-11-16
949,213,2024-03-31
950,213,2024-05-05
951,213,2024-09-17
952,213,2024-05-12
953,214,2024-04-03
954,214,2024-04-03
955,214,2024-06-09
956,214,2024-07-10
957,214,2024-12-12
958,215,2024-05-18
959,216,2024-01-01
960,216,2024-12-16
961,216,2024-08-26
962,216,2024-02-19
963,216,2024-06-21
964,216,2024-10-12
965,216,2024-04-30
966,217,2024-04-23
967,217,2024-09-03
968,217,2024-07-16
969,217,2024-07-05
970,217,2024-04-15
971,218,2024-08-11
972,219,2024-09-20
973,219,2024-12-19
974,219,2024-04-26
975,220,2024-03-21
976,220,2024-04-11
977,220,2024-08-01
978,221,2024-09-21
979,221,2024-08-17
980,221,2024-08-21
981,221,2024-04-16
982,221,2024-02-08
983,221,2024-12-18
984,222,2024-11-26
985,222,2024-06-12
986,222,2024-11-14
987,222,2024-09-14
988,222,2024-09-11
989,223,2024-12-23
990,224,2024-01-21
991,224,2024-07-12
992,225,2024-08-13
993,225,2024-01-14
994,225,2024-05-01
995,225,2024-07-24
996,226,2024-08-16
997,226,2024-01-17
998,227,2024-09-17
999,227,2024-11-16
1000,228,2024-07-08
1001,228,2024-02-04
1002,228,2024-03-08
1003,228,2024-06-07
1004,228,2024-07-06
1005,228,2024-12-02
1006,228,2024-06-04
1007,228,2024-10-08
1008,229,2024-01-25
1009,229,2024-11-21
1010,229,2024-07-12
1011,230,2024-06-07
1012,230,2024-07-26
1013,230,2024-08-03
1014,230,2024-06-04
1015,231,2024-12-03
1016,232,2024-01-24
1017,232,2024-01-07
1018,232,2024-02-11
1019,232,2024-05-05
1020,232,2024-11-16
1021,233,2024-01-07
1022,233,2024-02-13
1023,234,2024-06-07
1024,234,2024-12-25
1025,235,2024-12-17
1026,235,2024-07-18
1027,235,2024-07-23
1028,235,2024-11-26
1029,235,2024-10-17
1030,235,2024-09-18
1031,235,2024-11-02
1032,235,2024-07-06
1033,236,2024-05-09
1034,236,2024-04-19
1035,236,2024-05-12
1036,236,2024-05-02
1037,236,2024-10-24
1038,237,2024-08-09
1039,237,2024-02-23
1040,237,2024-03-08
1041,237,2024-01-23
1042,237,2024-04-22
1043,237,2024-06-17
1044,237,2024-02-01
1045,237,2024-03-09
1046,238,2024-10-04
1047,238,2024-04-01
1048,239,2024-04-23
1049,239,2024-01-07
1050,239,2024-12-07
1051,239,2024-09-15
1052,239,2024-08-12
1053,239,2024-11-07
1054,239,2024-01-20
1055,240,2024-03-17
1056,241,2024-11-16
1057,241,2024-04-18
1058,241,2024-09-21
1059,242,2024-09-25
1060,242,2024-06-15
1061,242,2024-03-05
1062,242,2024-06-04
1063,243,2024-04-19
1064,244,2024-11-22
1065,244,2024-07-11
1066,244,2024-03-21
1067,244,2024-03-08
1068,244,2024-10-14
1069,244,2024-03-12
1070,244,2024-01-07
1071,245,2024-09-15
1072,246,2024-06-30
1073,246,2024-12-06
1074,246,2024-01-16
1075,246,2024-10-27
1076,247,2024-06-24
1077,247,2024-12-18
1078,248,2024-04-18
1079,248,2024-10-25
1080,249,2024-12-24
1081,249,2024-06-27
1082,249,2024-11-10
1083,249,2024-03-14
1084,249,2024-08-22
1085,250,2024-08-23
1086,251,2024-05-27
1087,251,2024-11-17
1088,252,2024-05-20
1089,252,2024-09-15
1090,253,2024-05-18
1091,253,2024-05-04
1092,253,2024-10-02
1093,253,2024-03-20
1094,253,2024-08-19
1095,253,2024-02-11
1096,253,2024-04-23
1097,254,2024-03-02
1098,255,2024-12-07
1099,255,2024-11-08
1100,255,2024-12-13
1101,256,2024-10-07
1102,256,2024-07-17
1103,256,2024-11-23
1104,256,2024-04-07
1105,256,2024-03-19
1106,256,2024-11-09
1107,256,2024-03-04
1108,256,2024-10-26
1109,257,2024-06-22
1110,258,2024-11-05
1111,258,2024-02-04
1112,258,2024-11-13
1113,258,2024-07-06
1114,258,2024-01-24
1115,258,2024-06-27
1116,259,2024-01-31
1117,259,2024-05-15
1118,259,2024-09-10
1119,259,2024-09-15
1120,259,2024-02-11
1121,259,2024-08-07
1122,259,2024-12-13
1123,259,2024-06-08
1124,260,2024-09-25
1125,260,2024-06-15
1126,260,2024-05-11
1127,260,2024-06-27
1128,260,2024-03-22
1129,260,2024-11-17
1130,260,2024-03-24
1131,260,2024-12-04
1132,261,2024-03-22
1133,261,2024-01-18
1134,262,2024-10-07
1135,262,2024-01-16
1136,262,2024-08-06
1137,262,2024-04-08
1138,262,2024-09-19
1139,263,2024-03-06
1140,264,2024-07-25
1141,264,2024-07-12
1142,264,2024-11-23
1143,264,2024-07-01
1144,264,2024-12-23
1145,264,2024-11-13
1146,264,2024-05-25
1147,264,2024-10-05
1148,265,2024-01-25
1149,265,2024-12-13
1150,266,2024-05-13
1151,266,2024-01-24
1152,266,2024-05-11
1153,266,2024-05-07
1154,266,2024-05-04
1155,266,2024-01-05
1156,266,2024-12-22
1157,267,2024-03-17
1158,267,2024-07-04
1159,267,2024-09-23
1160,267,2024-09-11
1161,267,2024-12-01
1162,267,2024-08-17
1163,267,2024-10-23
1164,267,2024-06-19
1165,268,2024-04-13
1166,268,2024-08-15
1167,269,2024-09-02
1168,269,2024-01-08
1169,269,2024-09-12
1170,269,2024-01-08
1171,269,2024-06-05
1172,270,2024-07-05
1173,270,2024-06-20
1174,270,2024-01-07
1175,270,2024-05-24
1176,270,2024-01-11
1177,270,2024-11-04
1178,270,2024-07-07
1179,270,2024-10-23
1180,271,2024-08-25
1181,271,2024-07-20
1182,271,2024-10-19
1183,271,2024-06-10
1184,271,2024-06-08
1185,272,2024-08-19
1186,272,2024-08-12
1187,272,2024-09-02
1188,272,2024-06-15
1189,272,2024-09-05
1190,272,2024-05-12
1191,272,2024-08-23
1192,273,2024-05-12
1193,273,2024-11-24
1194,274,2024-08-18
1195,274,2024-12-05
1196,274,2024-04-06
1197,274,2024-10-04
1198,274,2024-03-21
1199,275,2024-01-22
1200,275,2024-02-26
1201,275,2024-01-24
1202,275,2024-06-05
1203,276,2024-12-04
1204,276,2024-01-15
1205,276,2024-09-26
1206,276,2024-11-18
1207,277,2024-10-17
1208,277,2024-01-17
1209,277,2024-09-18
1210,277,2024-02-12
1211,277,2024-06-22
1212,277,2024-01-11
1213,277,2024-08-13
1214,277,2024-06-06
1215,278,2024-01-13
1216,278,2024-06-03
1217,278,2024-05-14
1218,278,2024-01-02
1219,278,2024-09-23
1220,278,2024-10-14
1221,278,2024-10-13
1222,278,2024-11-21
1223,279,2024-03-26
1224,279,2024-10-15
1225,279,2024-10-05
1226,279,2024-03-10
1227,279,2024-12-01
1228,279,2024-08-27
1229,279,2024-04-05
1230,280,2024-10-10
1231,280,2024-08-19
1232,280,2024-11-04
1233,280,2024-06-01
1234,280,2024-02-21
1235,281,2024-06-13
1236,281,2024-06-09
1237,281,2024-11-17
1238,281,2024-11-05
1239,281,2024-02-08
1240,282,2024-01-13
1241,282,2024-12-23
1242,283,2024-11-12
1243,283,2024-10-04
1244,283,2024-07-31
1245,283,2024-12-17
1246,283,2024-04-04
1247,284,2024-05-11
1248,284,2024-12-01
1249,284,2024-07-12
1250,285,2024-09-25
1251,285,2024-07-20
1252,286,2024-11-15
1253,286,2024-01-05
1254,286,2024-05-12
1255,286,2024-06-21
1256,287,2024-09-10
1257,287,2024-09-19
1258,288,2024-12-08
1259,288,2024-08-12
1260,289,2024-10-27
1261,289,2024-12-08
1262,289,2024-04-16
1263,289,2024-08-09
1264,289,2024-06-21
1265,290,2024-10-23
1266,290,2024-03-03
1267,290,2024-06-14
1268,291,2024-03-06
1269,291,2024-03-02
1270,291,2024-01-10
1271,291,2024-09-01
1272,291,2024-10-23
1273,292,2024-09-11
1274,292,2024-10-26
1275,292,2024-09-22
1276,292,2024-01-08
1277,292,2024-10-05
1278,292,2024-02-11
1279,292,2024-05-22
1280,293,2024-12-24
1281,293,2024-07-20
1282,293,2024-08-10
1283,293,2024-07-17
1284,293,2024-03-23
1285,293,2024-11-13
1286,294,2024-11-10
1287,295,2024-06-05
1288,295,2024-03-23
1289,296,2024-03-18
1290,296,2024-09-18
1291,296,2024-07-14
1292,296,2024-07-07
1293,296,2024-04-15
1294,296,2024-07-21
1295,296,2024-07-13
1296,297,2024-12-10
1297,298,2024-05-02
1298,298,2024-05-11
1299,298,2024-09-01
1300,299,2024-01-18
1301,299,2024-01-12
1302,299,2024-04-12
1303,299,2024-06-21
1304,300,2024-12-11
1305,300,2024-02-04
1306,300,2024-01-09
1307,300,2024-10-19
1308,300,2024-03-10
1309,300,2024-04-12
1310,300,2024-08-12
1311,301,2024-03-09
1312,301,2024-05-20
1313,301,2024-03-12
1314,301,2024-12-24
1315,301,2024-07-17
1316,301,2024-05-06
1317,301,2024-12-11
1318,301,2024-11-16
1319,302,2024-10-01
1320,302,2024-09-24
1321,303,2024-01-01
1322,303,2024-05-24
1323,304,2024-10-23
1324,304,2024-08-03
1325,304,2024-02-11
1326,305,2024-04-07
1327,305,2024-04-09
1328,305,2024-01-01
1329,305,2024-01-19
1330,305,2024-06-20
1331,305,2024-08-21
1332,306,2024-07-14
1333,306,2024-06-01
1334,306,2024-04-04
1335,306,2024-01-09
1336,306,2024-05-05
1337,307,2024-02-07
1338,307,2024-07-13
1339,307,2024-12-09
1340,307,2024-08-14
1341,307,2024-04-23
1342,308,2024-10-02
1343,308,2024-10-09
1344,309,2024-04-06
1345,309,2024-03-24
1346,309,2024-05-25
1347,309,2024-08-16
1348,309,2024-08-25
1349,309,2024-08-08
1350,309,2024-11-24
1351,309,2024-12-17
1352,310,2024-11-24
1353,310,2024-03-12
1354,310,2024-05-06
1355,310,2024-06-15
1356,310,2024-09-05
1357,311,2024-11-19
1358,311,2024-04-24
1359,311,2024-05-15
1360,311,2024-07-31
1361,311,2024-10-07
1362,311,2024-11-18
1363,312,2024-12-24
1364,312,2024-02-26
1365,312,2024-06-09
1366,312,2024-05-15
1367,312,2024-07-20
1368,312,2024-11-09
1369,312,2024-05-31
1370,313,2024-04-03
1371,313,2024-12-25
1372,313,2024-10-11
1373,313,2024-06-26
1374,314,2024-06-19
1375,314,2024-07-24
1376,314,2024-08-26
1377,314,2024-03-04
1378,314,2024-12-09
1379,314,2024-12-13
1380,314,2024-06-02
1381,314,2024-11-10
1382,315,2024-07-11
1383,315,2024-09-25
1384,315,2024-09-14
1385,315,2024-09-13
1386,315,2024-08-23
1387,316,2024-07-25
1388,316,2024-05-31
1389,316,2024-10-11
1390,316,2024-08-18
1391,316,2024-09-27
1392,316,2024-05-31
1393,316,2024-04-26
1394,317,2024-01-01
1395,317,2024-01-07
1396,317,2024-09-16
1397,317,2024-05-17
1398,318,2024-12-02
1399,318,2024-10-20
1400,318,2024-09-20
1401,318,2024-09-26
1402,319,2024-05-05
1403,319,2024-08-12
1404,319,2024-05-14
1405,319,2024-01-10
1406,319,2024-03-21
1407,319,2024-01-05
1408,319,2024-05-20
1409,320,2024-02-06
1410,320,2024-01-11
1411,320,2024-06-05
1412,320,2024-02-24
1413,320,2024-01-23
1414,320,2024-04-02
1415,320,2024-12-23
1416,321,2024-03-06
1417,321,2024-07-12
1418,321,2024-06-16
1419,321,2024-08-06
1420,321,2024-11-11
1421,321,2024-07-15
1422,321,2024-11-21
1423,321,2024-05-26
1424,322,2024-04-10
1425,323,2024-11-13
1426,323,2024-06-12
1427,323,2024-06-08
1428,323,2024-02-27
1429,323,2024-09-30
1430,323,2024-08-14
1431,323,2024-10-10
1432,324,2024-11-02
1433,324,2024-01-16
1434,324,2024-06-03
1435,324,2024-10-31
1436,324,2024-07-21
1437,324,2024-06-16
1438,324,2024-09-20
1439,325,2024-11-20
1440,325,2024-01-07
1441,325,2024-07-07
1442,326,2024-03-12
1443,327,2024-11-05
1444,327,2024-05-26
1445,328,2024-05-20
1446,328,2024-11-02
1447,329,2024-09-22
1448,329,2024-10-31
1449,329,2024-04-16
1450,330,2024-07-15
1451,330,2024-08-12
1452,330,2024-09-20
1453,330,2024-12-10
1454,330,2024-04-11
1455,331,2024-05-04
1456,331,2024-12-17
1457,331,2024-02-26
1458,331,2024-10-10
1459,331,2024-02-21
1460,331,2024-05-05
1461,331,2024-04-07
1462,331,2024-01-17
1463,332,2024-12-26
1464,332,2024-04-26
1465,332,2024-07-06
1466,332,2024-07-13
1467,333,2024-03-10
1468,333,2024-09-26
1469,333,2024-09-04
1470,334,2024-12-12
1471,334,2024-06-27
1472,334,2024-05-07
1473,335,2024-10-06
1474,335,2024-04-22
1475,335,2024-06-22
1476,335,2024-07-10
1477,335,2024-04-02
1478,335,2024-03-21
1479,335,2024-06-21
1480,335,2024-12-02
1481,336,2024-02-08
1482,336,2024-02-10
1483,336,2024-08-05
1484,336,2024-08-02
1485,336,2024-05-18
1486,336,2024-07-01
1487,336,2024-12-26
1488,337,2024-09-02
1489,338,2024-06-21
1490,338,2024-11-13
1491,338,2024-10-07
1492,339,2024-11-25
1493,339,2024-04-26
1494,339,2024-09-14
1495,339,2024-11-21
1496,339,2024-05-24
1497,340,2024-12-23
1498,340,2024-08-11
1499,340,2024-01-13
1500,340,2024-07-31
1501,340,2024-05-01
1502,340,2024-07-22
1503,340,2024-02-03
1504,340,2024-10-06
1505,341,2024-12-08
1506,341,2024-02-13
1507,341,2024-12-03
1508,341,2024-09-11
1509,341,2024-08-05
1510,341,2024-07-05
1511,342,2024-07-08
1512,343,2024-02-29
1513,343,2024-01-02
1514,343,2024-09-27
1515,343,2024-01-26
1516,343,2024-06-20
1517,343,2024-05-20
1518,343,2024-03-24
1519,343,2024-06-25
1520,344,2024-04-11
1521,344,2024-01-04
1522,344,2024-06-10
1523,344,2024-08-10
1524,345,2024-07-02
1525,346,2024-12-08
1526,346,2024-11-23
1527,347,2024-10-24
1528,347,2024-11-09
1529,348,2024-06-16
1530,349,2024-06-05
1531,349,2024-01-11
1532,349,2024-02-14
1533,350,2024-02-11
1534,350,2024-10-11
1535,350,2024-07-24
1536,350,2024-04-25
1537,351,2024-01-08
1538,351,2024-05-08
1539,351,2024-04-05
1540,351,2024-05-16
1541,351,2024-10-17
1542,352,2024-11-03
1543,352,2024-03-12
1544,352,2024-06-19
1545,352,2024-08-11
1546,352,2024-08-12
1547,353,2024-03-10
1548,353,2024-10-15
1549,353,2024-09-27
1550,353,2024-01-27
1551,353,2024-12-07
1552,354,2024-10-19
1553,354,2024-12-01
1554,354,2024-11-17
1555,354,2024-10-20
1556,354,2024-03-13
1557,354,2024-09-11
1558,354,2024-09-02
1559,355,2024-06-23
1560,355,2024-08-01
1561,355,2024-04-09
1562,356,2024-02-01
1563,356,2024-08-18
1564,356,2024-01-27
1565,356,2024-03-25
1566,356,2024-11-01
1567,356,2024-07-08
1568,356,2024-05-13
1569,356,2024-02-24
1570,357,2024-09-10
1571,357,2024-11-11
1572,357,2024-10-23
1573,358,2024-04-09
1574,358,2024-12-03
1575,358,2024-02-04
1576,359,2024-07-27
1577,360,2024-04-17
1578,360,2024-11-24
1579,360,2024-08-19
1580,361,2024-03-26
1581,361,2024-12-27
1582,361,2024-09-03
1583,361,2024-01-01
1584,361,2024-05-25
1585,361,2024-09-21
1586,361,2024-06-08
1587,361,2024-09-09
1588,362,2024-08-06
1589,362,2024-06-14
1590,362,2024-01-10
1591,362,2024-09-26
1592,362,2024-07-15
1593,362,2024-02-27
1594,362,2024-03-31
1595,362,2024-03-24
1596,363,2024-05-09
1597,363,2024-07-26
1598,363,2024-07-01
1599,363,2024-01-15
1600,363,2024-07-21
1601,363,2024-07-23
1602,364,2024-02-18
1603,364,2024-09-21
1604,364,2024-08-10
1605,364,2024-05-15
1606,365,2024-04-07
1607,366,2024-10-19
1608,366,2024-02-25
1609,366,2024-06-13
1610,366,2024-01-03
1611,367,2024-09-19
1612,368,2024-04-30
1613,368,2024-02-19
1614,368,2024-11-30
1615,368,2024-11-17
1616,368,2024-02-11
1617,369,2024-11-27
1618,369,2024-06-30
1619,370,2024-08-21
1620,370,2024-11-16
1621,370,2024-03-05
1622,370,2024-06-02
1623,371,2024-05-10
1624,371,2024-09-02
1625,371,2024-10-31
1626,371,2024-01-17
1627,371,2024-01-07
1628,371,2024-04-23
1629,371,2024-06-05
1630,372,2024-11-14
1631,372,2024-04-24
1632,372,2024-10-04
1633,372,2024-07-16
1634,373,2024-02-19
1635,374,2024-06-07
1636,374,2024-07-09
1637,374,2024-04-03
1638,374,2024-09-01
1639,374,2024-09-24
1640,374,2024-04-06
1641,374,2024-09-10
1642,374,2024-04-21
1643,375,2024-07-20
1644,375,2024-02-26
1645,375,2024-05-25
1646,375,2024-01-04
1647,375,2024-11-06
1648,375,2024-01-07
1649,375,2024-01-09
1650,376,2024-08-01
1651,376,2024-01-02
1652,377,2024-10-08
1653,377,2024-01-03
1654,377,2024-04-17
1655,377,2024-08-21
1656,377,2024-11-06
1657,377,2024-11-04
1658,378,2024-08-06
1659,378,2024-07-17
1660,378,2024-03-23
1661,378,2024-06-23
1662,379,2024-06-06
1663,379,2024-02-21
1664,379,2024-07-15
1665,380,2024-02-01
1666,380,2024-10-13
1667,381,2024-02-07
1668,382,2024-04-25
1669,382,2024-12-25
1670,382,2024-08-05
1671,382,2024-12-07
1672,382,2024-02-23
1673,383,2024-02-18
1674,384,2024-07-10
1675,385,2024-05-24
1676,385,2024-10-20
1677,385,2024-07-22
1678,385,2024-05-31
1679,386,2024-05-23
1680,386,2024-07-25
1681,386,2024-05-22
1682,386,2024-11-08
1683,386,2024-04-11
1684,386,2024-03-20
1685,387,2024-11-17
1686,387,2024-10-22
1687,387,2024-11-20
1688,387,2024-08-17
1689,387,2024-06-06
1690,388,2024-04-30
1691,388,2024-03-23
1692,388,2024-01-09
1693,389,2024-05-11
1694,389,2024-02-17
1695,389,2024-03-27
1696,389,2024-08-22
1697,389,2024-02-05
1698,389,2024-09-11
1699,389,2024-07-31
1700,389,2024-04-14
1701,390,2024-01-23
1702,390,2024-01-02
1703,390,2024-03-11
1704,390,2024-09-18
1705,390,2024-02-15
1706,390,2024-12-04
1707,390,2024-09-05
1708,390,2024-01-19
1709,391,2024-09-15
1710,391,2024-06-21
1711,391,2024-07-22
1712,391,2024-03-25
1713,391,2024-04-16
1714,391,2024-02-01
1715,391,2024-07-11
1716,391,2024-07-04
1717,392,2024-10-17
1718,392,2024-02-23
1719,393,2024-09-05
1720,393,2024-02-23
1721,394,2024-02-23
1722,394,2024-08-13
1723,395,2024-10-08
1724,395,2024-12-19
1725,395,2024-09-11
1726,395,2024-04-04
1727,395,2024-10-18
1728,395,2024-02-13
1729,395,2024-05-18
1730,395,2024-03-11
1731,396,2024-07-26
1732,397,2024-03-10
1733,397,2024-10-23
1734,397,2024-07-09
1735,397,2024-01-24
1736,397,2024-07-17
1737,397,2024-10-31
1738,397,2024-12-06
1739,397,2024-11-23
1740,398,2024-07-03
1741,398,2024-04-04
1742,398,2024-03-16
1743,398,2024-07-01
1744,398,2024-02-17
1745,398,2024-10-16
1746,398,2024-03-07
1747,398,2024-01-12
1748,399,2024-03-23
1749,399,2024-05-15
1750,399,2024-12-17
1751,399,2024-04-07
1752,399,2024-11-20
1753,399,2024-04-03
1754,400,2024-05-17
1755,401,2024-11-20
1756,401,2024-11-21
1757,401,2024-04-20
1758,402,2024-10-14
1759,402,2024-01-23
1760,402,2024-07-15
1761,403,2024-09-24
1762,403,2024-05-12
1763,403,2024-12-07
1764,403,2024-12-13
1765,404,2024-02-11
1766,404,2024-02-27
1767,404,2024-01-02
1768,404,2024-04-24
1769,404,2024-04-21
1770,404,2024-02-14
1771,404,2024-10-21
1772,405,2024-02-06
1773,405,2024-12-03
1774,405,2024-02-29
1775,405,2024-08-24
1776,405,2024-08-07
1777,405,2024-10-18
1778,405,2024-06-26
1779,406,2024-05-19
1780,406,2024-02-11
1781,407,2024-12-09
1782,407,2024-07-21
1783,407,2024-01-06
1784,407,2024-10-24
1785,408,2024-07-22
1786,408,2024-05-31
1787,408,2024-01-09
1788,409,2024-03-14
1789,409,2024-02-01
1790,409,2024-12-17
1791,409,2024-09-18
1792,409,2024-07-21
1793,410,2024-07-11
1794,410,2024-01-14
1795,410,2024-07-21
1796,410,2024-08-03
1797,411,2024-04-21
1798,411,2024-04-30
1799,411,2024-03-15
1800,411,2024-11-30
1801,412,2024-11-23
1802,412,2024-03-24
1803,413,2024-04-15
1804,413,2024-12-03
1805,413,2024-04-17
1806,414,2024-08-02
1807,414,2024-12-16
1808,414,2024-12-26
1809,414,2024-02-17
1810,414,2024-06-15
1811,414,2024-03-14
1812,415,2024-03-09
1813,415,2024-06-23
1814,415,2024-06-27
1815,416,2024-10-07
1816,416,2024-10-26
1817,416,2024-11-01
1818,416,2024-05-21
1819,416,2024-09-12
1820,416,2024-01-04
1821,416,2024-08-19
1822,416,2024-11-18
1823,417,2024-11-04
1824,417,2024-12-24
1825,417,2024-07-23
1826,418,2024-01-01
1827,418,2024-11-03
1828,418,2024-10-23
1829,418,2024-06-25
1830,418,2024-03-15
1831,419,2024-07-18
1832,420,2024-10-07
1833,420,2024-06-16
1834,420,2024-04-04
1835,420,2023-12-31
1836,420,2024-02-14
1837,421,2024-09-24
1838,421,2024-06-16
1839,421,2024-05-03
1840,421,2024-06-22
1841,421,2024-01-03
1842,422,2024-02-12
1843,422,2024-03-19
1844,422,2024-04-03
1845,422,2024-11-25
1846,422,2024-07-27
1847,422,2024-06-24
1848,422,2024-08-24
1849,423,2024-01-02
1850,423,2024-05-08
1851,423,2024-12-13
1852,424,2024-03-16
1853,424,2024-09-11
1854,424,2024-02-15
1855,424,2024-05-20
1856,424,2024-10-04
1857,424,2024-09-26
1858,425,2024-10-07
1859,425,2024-08-27
1860,425,2024-06-23
1861,425,2024-03-22
1862,426,2024-09-19
1863,426,2024-02-24
1864,426,2024-07-10
1865,426,2024-01-11
1866,426,2024-01-01
1867,427,2024-02-14
1868,427,2024-05-20
1869,427,2024-10-01
1870,427,2024-02-21
1871,427,2024-07-13
1872,428,2024-02-15
1873,428,2024-02-22
1874,428,2024-10-22
1875,428,2024-04-15
1876,428,2024-07-16
1877,428,2024-08-16
1878,428,2024-05-06
1879,428,2024-01-07
1880,429,2024-02-24
1881,429,2024-09-14
1882,429,2024-08-08
1883,429,2024-05-16
1884,429,2024-02-14
1885,430,2024-06-27
1886,430,2024-09-23
1887,431,2024-12-05
1888,431,2024-12-09
1889,431,2024-02-06
1890,432,2024-04-25
1891,433,2024-10-23
1892,434,2024-10-23
1893,434,2024-03-06
1894,434,2024-07-14
1895,435,2024-08-11
1896,435,2024-05-10
1897,435,2024-11-19
1898,435,2024-07-16
1899,435,2024-05-04
1900,435,2024-03-01
1901,436,2024-10-26
1902,436,2024-02-18
1903,436,2024-11-05
1904,436,2024-06-09
1905,436,2024-10-19
1906,437,2024-06-23
1907,437,2024-08-07
1908,437,2024-01-31
1909,437,2024-06-13
1910,437,2024-01-27
1911,437,2024-04-17
1912,437,2024-02-07
1913,437,2024-12-20
1914,438,2024-08-16
1915,438,2024-04-15
1916,439,2024-01-09
1917,439,2024-12-09
1918,439,2024-12-08
1919,440,2024-10-12
1920,440,2024-04-26
1921,440,2024-03-05
1922,440,2024-10-23
1923,440,2024-02-13
1924,440,2024-05-14
1925,440,2024-09-23
1926,440,2024-09-23
1927,441,2024-08-17
1928,441,2024-09-03
1929,442,2024-08-15
1930,442,2024-12-17
1931,442,2024-01-18
1932,442,2024-02-17
1933,442,2024-04-13
1934,442,2024-06-26
1935,443,2024-03-01
1936,443,2024-10-02
1937,443,2024-07-10
1938,443,2024-11-07
1939,444,2024-01-25
1940,444,2024-12-05
1941,444,2024-04-17
1942,444,2024-10-10
1943,444,2024-04-18
1944,444,2024-06-21
1945,445,2024-12-19
1946,445,2024-01-12
1947,445,2024-07-08
1948,445,2024-04-20
1949,445,2024-06-01
1950,445,2024-08-24
1951,445,2024-10-22
1952,445,2024-11-20
1953,446,2024-10-13
1954,446,2024-09-03
1955,447,2024-08-05
1956,447,2024-02-23
1957,448,2024-06-16
1958,448,2024-05-05
1959,449,2024-10-02
1960,450,2024-08-17
1961,450,2024-09-08
1962,450,2024-02-03
1963,450,2024-08-07
1964,451,2024-06-01
1965,451,2024-01-09
1966,451,2024-07-21
1967,452,2024-02-25
1968,452,2024-09-21
1969,452,2024-09-11
1970,453,2024-09-26
1971,453,2024-02-11
1972,453,2024-10-06
1973,453,2024-02-15
1974,453,2024-07-13
1975,454,2024-02-15
1976,454,2024-11-19
1977,455,2024-05-13
1978,455,2024-12-04
1979,455,2024-01-19
1980,456,2024-04-23
1981,456,2024-03-26
1982,456,2024-11-02
1983,457,2024-05-22
1984,457,2024-07-23
1985,457,2024-09-21
1986,457,2024-07-02
1987,457,2024-04-06
1988,457,2024-11-12
1989,458,2024-08-27
1990,458,2024-03-15
1991,458,2024-05-22
1992,458,2024-12-07
1993,458,2024-10-18
1994,458,2024-07-11
1995,459,2024-03-10
1996,459,2024-11-17
1997,460,2024-05-10
1998,460,2024-08-14
1999,460,2024-12-23
2000,460,2024-03-04
2001,460,2024-06-09
2002,460,2024-11-18
2003,460,2024-04-07
2004,461,2024-10-23
2005,461,2024-10-18
2006,461,2024-04-30
2007,461,2024-02-20
2008,462,2024-05-21
2009,462,2024-07-18
2010,463,2024-12-21
2011,463,2024-02-29
2012,463,2024-08-13
2013,463,2024-03-21
2014,463,2024-03-15
2015,463,2024-02-06
2016,463,2024-02-25
2017,463,2024-06-27
2018,464,2024-10-31
2019,464,2024-10-12
2020,464,2024-05-27
2021,464,2024-11-05
2022,464,2024-02-16
2023,465,2024-06-04
2024,465,2024-02-19
2025,465,2024-08-03
2026,466,2024-08-05
2027,466,2024-05-05
2028,466,2024-09-22
2029,467,2024-10-06
2030,467,2024-10-12
2031,468,2024-11-08
2032,468,2024-09-14
2033,468,2024-05-26
2034,468,2024-09-09
2035,468,2024-08-14
2036,468,2024-04-21
2037,468,2024-06-10
2038,468,2024-08-20
2039,469,2024-10-25
2040,469,2024-08-26
2041,470,2024-11-21
2042,470,2024-05-16
2043,470,2024-12-09
2044,471,2024-06-01
2045,471,2024-09-10
2046,471,2024-03-25
2047,471,2024-03-14
2048,471,2024-11-11
2049,472,2024-03-24
2050,472,2024-04-22
2051,472,2024-04-12
2052,472,2024-12-23
2053,472,2024-11-26
2054,473,2024-04-07
2055,473,2024-03-25
2056,473,2023-12-31
2057,474,2024-03-07
2058,475,2024-01-24
2059,475,2024-01-20
2060,475,2024-05-08
2061,475,2024-03-15
2062,476,2024-07-21
2063,476,2024-04-07
2064,476,2024-03-23
2065,476,2024-10-05
2066,476,2024-10-17
2067,476,2024-03-09
2068,476,2024-11-09
2069,477,2024-09-25
2070,477,2024-01-01
2071,477,2024-06-15
2072,477,2024-03-27
2073,477,2024-08-19
2074,477,2024-03-20
2075,478,2024-05-25
2076,478,2024-06-14
2077,478,2024-08-21
2078,478,2024-10-26
2079,478,2024-09-13
2080,478,2024-08-05
2081,479,2024-01-26
2082,479,2024-02-21
2083,479,2024-12-22
2084,479,2024-01-07
2085,479,2024-07-04
2086,479,2024-06-22
2087,479,2024-08-22
2088,480,2024-11-02
2089,480,2024-12-15
2090,480,2024-09-10
2091,480,2024-07-17
2092,480,2024-06-25
2093,481,2024-07-18
2094,482,2024-10-19
2095,483,2024-07-18
2096,483,2024-09-08
2097,483,2024-04-16
2098,484,2024-02-24
2099,484,2024-12-19
2100,484,2024-06-01
2101,484,2024-05-06
2102,484,2024-08-26
2103,484,2024-12-14
2104,485,2024-10-01
2105,485,2024-11-03
2106,485,2024-11-17
2107,485,2024-08-16
2108,485,2024-02-29
2109,486,2024-04-24
2110,487,2024-07-03
2111,487,2024-07-12
2112,487,2024-12-04
2113,488,2024-03-14
2114,488,2024-04-01
2115,488,2024-01-26
2116,489,2024-10-23
2117,489,2024-09-30
2118,489,2024-12-16
2119,489,2024-06-05
2120,489,2024-02-13
2121,489,2024-06-09
2122,489,2024-05-20
2123,489,2024-02-05
2124,490,2024-10-24
2125,490,2024-07-11
2126,490,2024-11-14
2127,490,2024-09-13
2128,491,2024-02-24
2129,491,2024-06-20
2130,491,2024-07-18
2131,491,2024-10-19
2132,491,2024-05-25
2133,491,2024-07-06
2134,491,2024-05-27
2135,492,2024-09-30
2136,492,2024-01-16
2137,493,2024-05-04
2138,493,2024-03-08
2139,493,2024-12-22
2140,493,2024-05-14
2141,493,2024-07-12
2142,493,2024-06-21
2143,494,2024-08-24
2144,494,2024-05-09
2145,494,2024-09-07
2146,494,2024-05-23
2147,494,2024-09-04
2148,494,2024-03-13
2149,494,2024-04-21
2150,494,2024-08-05
2151,495,2024-01-26
2152,495,2024-12-04
2153,496,2024-03-10
2154,496,2024-04-22
2155,496,2024-09-18
2156,496,2024-05-24
2157,496,2024-09-10
2158,496,2024-12-23
2159,497,2024-10-07
2160,497,2024-12-14
2161,497,2024-09-11
2162,498,2024-12-09
2163,498,2024-04-21
2164,498,2024-11-30
2165,498,2024-08-07
2166,498,2024-09-25
2167,499,2024-02-13
2168,499,2024-09-14
2169,500,2024-07-09
2170,501,2024-02-12
2171,501,2024-01-16
2172,501,2024-06-30
2173,501,2024-08-27
2174,501,2024-06-11
2175,501,2024-08-12
2176,501,2024-03-22
2177,501,2024-02-24
2178,502,2024-06-04
2179,502,2024-10-24
2180,502,2024-01-22
2181,503,2024-07-05
2182,503,2024-11-09
2183,503,2024-09-10
2184,503,2024-09-18
2185,503,2024-01-22
2186,503,2024-02-01
2187,504,2024-09-08
2188,505,2024-05-16
2189,505,2024-05-24
2190,505,2024-08-12
2191,505,2024-06-18
2192,505,2024-06-15
2193,505,2024-06-17
2194,505,2024-04-11
2195,505,2024-10-10
2196,506,2024-10-10
2197,506,2024-08-10
2198,506,2024-03-13
2199,506,2024-02-08
2200,506,2024-09-13
2201,506,2024-11-07
2202,506,2024-08-12
2203,507,2024-12-08
2204,507,2024-12-18
2205,507,2024-06-13
2206,507,2024-08-20
2207,507,2024-03-07
2208,508,2024-04-10
2209,508,2024-04-10
2210,508,2024-10-15
2211,508,2024-03-25
2212,508,2024-03-18
2213,508,2024-06-24
2214,508,2024-02-27
2215,508,2024-05-23
2216,509,2024-01-10
2217,509,2024-07-25
2218,509,2024-11-25
2219,509,2024-01-31
2220,509,2024-03-02
2221,509,2024-05-25
2222,509,2024-03-24
2223,510,2024-10-13
2224,510,2024-08-07
2225,510,2024-09-23
2226,510,2024-06-01
2227,510,2024-08-22
2228,511,2024-03-25
2229,511,2024-04-17
2230,511,2024-05-07
2231,511,2024-11-08
2232,511,2024-06-25
2233,511,2024-12-10
2234,512,2024-01-04
2235,512,2024-06-19
2236,512,2024-10-16
2237,512,2024-01-31
2238,512,2024-11-25
2239,512,2024-10-11
2240,512,2024-09-09
2241,513,2024-04-23
2242,513,2024-03-25
2243,513,2024-06-02
2244,513,2024-05-18
2245,513,2024-08-10
2246,513,2024-12-12
2247,513,2024-07-09
2248,514,2024-10-31
2249,514,2024-09-01
2250,514,2024-10-22
2251,514,2024-07-27
2252,515,2024-05-21
2253,515,2024-12-03
2254,515,2024-06-19
2255,516,2024-02-13
2256,516,2024-04-06
2257,516,2024-05-27
2258,516,2024-06-11
2259,516,2024-09-05
2260,516,2024-10-15
2261,516,2024-03-02
2262,516,2024-09-06
2263,517,2024-03-26
2264,518,2024-12-17
2265,518,2024-07-16
2266,518,2024-01-08
2267,518,2024-04-05
2268,518,2024-03-02
2269,518,2024-02-19
2270,518,2024-03-12
2271,518,2024-09-11
2272,519,2024-07-26
2273,519,2024-07-09
2274,519,2024-01-11
2275,519,2024-10-09
2276,520,2024-08-16
2277,520,2024-11-21
2278,520,2024-10-04
2279,521,2024-08-10
2280,521,2024-01-24
2281,522,2024-06-14
2282,522,2024-11-19
2283,522,2024-09-19
2284,522,2024-01-18
2285,522,2024-11-09
2286,522,2024-05-08
2287,523,2024-07-20
2288,523,2024-06-12
2289,523,2024-05-04
2290,523,2024-06-19
2291,523,2024-11-09
2292,523,2024-07-12
2293,523,2024-11-19
2294,524,2024-06-13
2295,524,2024-05-12
2296,524,2024-07-14
2297,524,2024-12-07
2298,525,2024-10-12
2299,526,2024-10-16
2300,526,2024-11-10
2301,526,2024-06-20
2302,526,2024-04-24
2303,527,2024-05-27
2304,527,2024-11-15
2305,527,2024-11-09
2306,527,2024-07-27
2307,527,2024-07-11
2308,528,2024-11-22
2309,529,2024-06-02
2310,529,2024-03-09
2311,529,2024-04-30
2312,530,2024-05-06
2313,530,2024-01-15
2314,530,2024-05-07
2315,530,2024-01-05
2316,530,2024-10-25
2317,530,2024-06-03
2318,530,2024-09-10
2319,531,2024-05-07
2320,531,2024-02-05
2321,532,2024-10-10
2322,532,2024-01-09
2323,532,2024-12-26
2324,532,2024-08-24
2325,533,2024-05-09
2326,534,2024-05-24
2327,534,2024-09-10
2328,534,2024-08-06
2329,534,2024-09-18
2330,534,2024-12-05
2331,534,2024-10-08
2332,535,2024-01-17
2333,535,2024-07-19
2334,535,2024-10-31
2335,535,2024-02-13
2336,536,2024-09-04
2337,537,2024-11-07
2338,537,2024-08-20
2339,537,2024-05-23
2340,538,2024-07-01
2341,538,2024-02-12
2342,538,2024-05-25
2343,538,2024-10-21
2344,539,2024-11-10
2345,539,2024-06-09
2346,539,2024-06-01
2347,540,2024-06-19
2348,540,2024-01-16
2349,540,2024-07-10
2350,540,2024-08-22
2351,540,2024-03-17
2352,541,2024-12-20
2353,541,2024-07-25
2354,541,2024-10-01
2355,541,2024-06-16
2356,541,2024-12-08
2357,541,2024-06-07
2358,541,2024-12-06
2359,542,2024-03-17
2360,542,2024-07-18
2361,542,2024-11-11
2362,542,2024-05-08
2363,542,2024-03-26
2364,542,2024-03-01
2365,542,2024-01-12
2366,542,2024-01-04
2367,543,2024-08-09
2368,543,2024-01-14
2369,543,2024-07-04
2370,543,2024-08-26
2371,543,2024-05-10
2372,543,2024-11-27
2373,544,2024-08-31
2374,544,2024-03-13
2375,544,2024-01-21
2376,544,2024-12-25
2377,544,2024-07-12
2378,544,2024-07-06
2379,544,2024-09-05
2380,544,2024-05-07
2381,545,2024-09-06
2382,545,2024-05-01
2383,545,2024-01-17
2384,545,2024-02-17
2385,545,2024-08-23
2386,545,2024-08-05
2387,545,2024-01-10
2388,546,2024-12-17
2389,547,2024-10-23
2390,547,2024-12-09
2391,547,2024-08-07
2392,547,2024-05-06
2393,547,2024-01-16
2394,547,2024-01-19
2395,547,2024-09-12
2396,548,2024-05-12
2397,548,2024-10-15
2398,548,2024-12-13
2399,548,2024-06-18
2400,548,2024-08-20
2401,548,2024-07-20
2402,549,2024-11-07
2403,549,2024-07-31
2404,549,2024-05-16
2405,550,2024-02-06
2406,551,2024-01-15
2407,551,2024-09-26
2408,551,2024-11-16
2409,551,2024-06-04
2410,551,2024-02-06
2411,551,2024-03-16
2412,551,2024-11-09
2413,551,2024-06-18
2414,552,2024-11-25
2415,552,2024-04-17
2416,552,2024-03-26
2417,553,2024-08-23
2418,553,2024-12-14
2419,553,2024-10-25
2420,553,2024-01-06
2421,553,2024-10-22
2422,554,2024-03-14
2423,554,2024-07-10
2424,554,2024-04-10
2425,554,2024-12-23
2426,554,2024-08-22
2427,554,2024-06-14
2428,555,2024-09-20
2429,555,2024-03-18
2430,555,2024-02-03
2431,555,2024-04-25
2432,556,2024-07-04
2433,556,2024-07-26
2434,556,2024-11-25
2435,556,2024-03-20
2436,556,2024-08-21
2437,556,2024-11-11
2438,556,2024-05-21
2439,556,2024-01-17
2440,557,2024-09-17
2441,557,2024-08-23
2442,558,2024-10-06
2443,558,2024-02-23
2444,558,2024-11-12
2445,559,2024-06-30
2446,559,2024-12-12
2447,560,2024-01-22
2448,561,2024-11-25
2449,561,2024-08-10
2450,561,2024-10-24
2451,561,2024-05-03
2452,561,2024-04-01
2453,562,2024-01-24
2454,562,2024-12-09
2455,562,2024-04-22
2456,562,2024-11-01
2457,562,2024-09-07
2458,562,2024-09-22
2459,562,2024-12-26
2460,562,2024-12-05
2461,563,2024-04-01
2462,563,2024-08-27
2463,563,2024-05-11
2464,564,2024-05-20
2465,564,2024-11-22
2466,564,2024-06-17
2467,565,2024-05-27
2468,566,2024-09-19
2469,566,2024-11-10
2470,566,2024-11-10
2471,566,2024-01-14
2472,566,2024-06-20
2473,566,2024-03-11
2474,567,2024-01-02
2475,567,2024-02-05
2476,567,2024-06-27
2477,567,2024-01-12
2478,567,2024-03-04
2479,567,2024-06-11
2480,567,2024-02-04
2481,568,2024-06-09
2482,568,2024-02-11
2483,568,2024-07-05
2484,569,2024-07-27
2485,569,2024-12-21
2486,570,2024-08-26
2487,570,2024-12-19
2488,570,2024-09-15
2489,570,2024-02-09
2490,570,2024-04-20
2491,571,2024-02-29
2492,572,2024-06-12
2493,572,2024-07-18
2494,572,2024-11-08
2495,572,2024-12-03
2496,572,2024-08-03
2497,573,2024-06-09
2498,573,2024-08-02
2499,573,2024-04-16
2500,573,2024-02-16
2501,573,2024-11-03
2502,574,2024-02-27
2503,574,2024-12-19
2504,574,2024-01-16
2505,574,2024-11-11
2506,575,2024-11-08
2507,575,2024-10-10
2508,575,2024-04-23
2509,575,2024-11-27
2510,576,2024-04-27
2511,576,2024-05-07
2512,576,2024-05-04
2513,576,2024-08-27
2514,576,2024-05-21
2515,577,2024-04-14
2516,577,2024-06-13
2517,578,2024-09-18
2518,578,2024-11-19
2519,578,2024-10-08
2520,578,2024-07-04
2521,578,2024-09-23
2522,578,2024-07-06
2523,578,2024-06-23
2524,579,2024-09-27
2525,579,2024-05-26
2526,579,2024-07-08
2527,579,2024-03-18
2528,579,2024-09-04
2529,579,2024-01-26
2530,580,2024-12-09
2531,580,2024-02-08
2532,580,2024-03-21
2533,580,2024-11-22
2534,580,2024-05-14
2535,580,2024-12-03
2536,580,2024-04-10
2537,581,2024-09-19
2538,581,2024-09-15
2539,581,2024-08-31
2540,581,2024-11-23
2541,581,2024-01-06
2542,581,2024-08-24
2543,582,2024-11-03
2544,582,2024-07-14
2545,582,2024-12-13
2546,582,2024-01-02
2547,582,2024-02-15
2548,582,2024-06-06
2549,582,2024-11-01
2550,583,2024-12-09
2551,583,2024-08-31
2552,584,2024-11-08
2553,584,2024-03-11
2554,584,2024-02-11
2555,584,2024-06-17
2556,585,2024-02-22
2557,585,2024-04-20
2558,586,2024-11-17
2559,586,2024-09-17
2560,586,2024-08-21
2561,586,2024-07-09
2562,586,2024-04-04
2563,586,2024-03-09
2564,587,2024-05-17
2565,587,2024-06-27
2566,587,2024-09-24
2567,587,2024-09-13
2568,588,2024-08-06
2569,588,2024-02-27
2570,588,2024-07-13
2571,588,2024-03-27
2572,588,2024-12-01
2573,588,2024-10-06
2574,588,2024-01-10
2575,588,2024-11-12
2576,589,2024-06-30
2577,589,2024-06-30
2578,589,2024-01-16
2579,589,2024-11-06
2580,589,2024-12-15
2581,589,2024-10-12
2582,590,2024-08-04
2583,590,2024-02-05
2584,591,2024-11-20
2585,591,2024-01-08
2586,591,2024-02-26
2587,591,2024-07-12
2588,591,2024-07-18
2589,591,2024-07-01
2590,591,2024-09-06
2591,591,2024-10-03
2592,592,2024-06-04
2593,592,2024-06-04
2594,592,2024-07-15
2595,593,2024-04-15
2596,594,2024-01-20
2597,594,2024-11-21
2598,594,2024-09-06
2599,594,2024-01-03
2600,594,2024-09-06
2601,594,2024-02-07
2602,595,2024-08-16
2603,595,2024-01-23
2604,596,2024-11-09
2605,597,2024-07-15
2606,597,2024-12-04
2607,597,2024-06-07
2608,597,2024-03-24
2609,597,2024-01-24
2610,598,2024-03-01
2611,598,2024-07-16
2612,598,2024-07-25
2613,598,2024-08-31
2614,599,2024-11-16
2615,599,2024-07-24
2616,599,2024-04-03
2617,599,2024-04-20
2618,599,2024-04-11
2619,599,2024-04-15
2620,599,2024-02-19
2621,599,2024-07-06
2622,600,2024-05-20
2623,600,2024-11-07
2624,600,2024-09-01
2625,600,2024-09-04
2626,600,2024-02-01
2627,600,2024-10-19
