date,platform,post_type,impressions,reach,likes,comments,shares
2024-01-01,Instagram,photo,13945,,267,40,27
2024-01-01,TikTok,carousel,2389,,62,9,6
2024-01-01,LinkedIn,photo,12193,,326,49,33
2024-01-01,X,carousel,37713,,720,108,72
2024-01-02,Instagram,text,26506,,868,130,87
2024-01-02,TikTok,carousel,6728,,234,35,24
2024-01-02,LinkedIn,carousel,29617,,508,76,51
2024-01-02,X,video,3649,,62,9,6
2024-01-03,Instagram,photo,38478,,857,129,85
2024-01-03,TikTok,photo,26225,,711,107,71
2024-01-03,LinkedIn,photo,9239,,288,43,29
2024-01-03,X,video,4907,,112,17,11
2024-01-04,Instagram,text,19605,,778,117,78
2024-01-04,TikTok,carousel,5397,,109,16,11
2024-01-04,LinkedIn,text,16564,,564,85,56
2024-01-04,X,text,34561,,602,90,61
2024-01-05,Instagram,photo,3495,,62,9,7
2024-01-05,TikTok,text,19722,,350,52,35
2024-01-05,LinkedIn,video,20647,,343,51,35
2024-01-05,X,photo,37332,,1042,156,105
2024-01-06,Instagram,video,32996,,1182,177,119
2024-01-06,TikTok,video,31010,,1094,164,110
2024-01-06,LinkedIn,text,29472,,607,91,61
2024-01-06,X,video,6962,,238,36,23
2024-01-07,Instagram,photo,29570,,961,144,96
2024-01-07,TikTok,photo,22779,,668,100,67
2024-01-07,LinkedIn,video,35325,,718,108,71
2024-01-07,X,carousel,7593,,135,20,14
2024-01-08,Instagram,video,4670,,112,17,11
2024-01-08,TikTok,text,21633,,412,62,41
2024-01-08,LinkedIn,photo,36170,,728,109,73
2024-01-08,X,text,5134,,184,28,18
2024-01-09,Instagram,photo,5118,,170,25,17
2024-01-09,TikTok,video,4635,,184,28,18
2024-01-09,LinkedIn,video,19025,,606,91,60
2024-01-09,X,photo,2644,,80,12,8
2024-01-10,Instagram,text,20470,,394,59,39
2024-01-10,TikTok,photo,34682,,847,127,85
2024-01-10,LinkedIn,text,19334,,548,82,55
2024-01-10,X,carousel,23701,,515,77,52
2024-01-11,Instagram,photo,4401,,102,15,10
2024-01-11,TikTok,video,15878,,338,51,33
2024-01-11,LinkedIn,carousel,28344,,484,73,48
2024-01-11,X,video,19780,,755,113,76
2024-01-12,Instagram,photo,10076,,254,38,25
2024-01-12,TikTok,photo,18912,,510,76,51
2024-01-12,LinkedIn,text,14481,,253,38,25
2024-01-12,X,video,5629,,120,18,12
2024-01-13,Instagram,photo,21523,,392,59,39
2024-01-13,TikTok,video,36434,,1328,199,133
2024-01-13,LinkedIn,video,20723,,795,119,80
2024-01-13,X,text,4641,,92,14,9
2024-01-14,Instagram,text,13014,,438,66,43
2024-01-14,TikTok,video,4424,,90,13,9
2024-01-14,LinkedIn,carousel,33975,,1082,162,108
2024-01-14,X,text,32231,,726,109,73
2024-01-15,Instagram,photo,8432,,189,28,19
2024-01-15,TikTok,video,13575,,303,45,31
2024-01-15,LinkedIn,carousel,6445,,247,37,25
2024-01-15,X,video,3209,,104,16,10
2024-01-16,Instagram,carousel,26655,,662,99,67
2024-01-16,TikTok,text,26662,,450,67,45
2024-01-16,LinkedIn,carousel,29020,,593,89,59
2024-01-16,X,photo,19160,,377,57,37
2024-01-17,Instagram,carousel,26920,,758,114,75
2024-01-17,TikTok,carousel,13919,,422,63,43
2024-01-17,LinkedIn,text,10638,,342,51,34
2024-01-17,X,text,9812,,190,29,19
2024-01-18,Instagram,carousel,6211,,246,37,24
2024-01-18,TikTok,video,12413,,286,43,28
2024-01-18,LinkedIn,video,3665,,104,16,10
2024-01-18,X,photo,20416,,762,114,76
2024-01-19,Instagram,photo,20622,,336,50,34
2024-01-19,TikTok,text,33424,,1143,171,115
2024-01-19,LinkedIn,photo,35273,,1235,185,124
2024-01-19,X,photo,5119,,137,21,13
2024-01-20,Instagram,text,16741,,582,87,58
2024-01-20,TikTok,video,7810,,311,47,31
2024-01-20,LinkedIn,text,14806,,437,66,43
2024-01-20,X,video,38342,,1325,199,132
2024-01-21,Instagram,photo,5017,,141,21,14
2024-01-21,TikTok,photo,35394,,921,138,92
2024-01-21,LinkedIn,text,21166,,824,124,82
2024-01-21,X,carousel,32148,,1110,167,111
2024-01-22,Instagram,carousel,5144,,143,21,15
2024-01-22,TikTok,text,26328,,1014,152,102
2024-01-22,LinkedIn,photo,20179,,434,65,44
2024-01-22,X,video,23623,,586,88,58
2024-01-23,Instagram,text,29430,,621,93,62
2024-01-23,TikTok,video,26476,,431,65,43
2024-01-23,LinkedIn,carousel,37976,,1367,205,137
2024-01-23,X,carousel,6252,,184,28,18
2024-01-24,Instagram,carousel,28169,,690,103,69
2024-01-24,TikTok,video,10785,,354,53,36
2024-01-24,LinkedIn,carousel,30364,,819,123,82
2024-01-24,X,photo,27290,,760,114,76
2024-01-25,Instagram,carousel,25024,,932,140,93
2024-01-25,TikTok,photo,18661,,634,95,63
2024-01-25,LinkedIn,video,18204,,342,51,34
2024-01-25,X,photo,19137,,543,81,55
2024-01-26,Instagram,carousel,24400,,462,69,46
2024-01-26,TikTok,photo,23345,,721,108,72
2024-01-26,LinkedIn,carousel,32785,,674,101,67
2024-01-26,X,photo,10716,,234,35,23
2024-01-27,Instagram,carousel,32813,,1145,172,114
2024-01-27,TikTok,carousel,29285,,883,132,89
2024-01-27,LinkedIn,text,23198,,653,98,65
2024-01-27,X,photo,34848,,1072,161,107
2024-01-28,Instagram,video,4271,,75,11,8
2024-01-28,TikTok,photo,17513,,613,92,61
2024-01-28,LinkedIn,photo,29712,,754,113,75
2024-01-28,X,photo,35620,,1398,210,140
2024-01-29,Instagram,photo,13649,,446,67,45
2024-01-29,TikTok,photo,5024,,114,17,11
2024-01-29,LinkedIn,carousel,15148,,507,76,51
2024-01-29,X,text,3771,,69,10,7
2024-01-30,Instagram,carousel,12059,,478,72,47
2024-01-30,TikTok,video,28142,,508,76,51
2024-01-30,LinkedIn,carousel,38256,,646,97,64
2024-01-30,X,video,36062,,833,125,83
2024-01-31,Instagram,video,38232,,1446,217,145
2024-01-31,TikTok,carousel,11902,,278,42,27
2024-01-31,LinkedIn,photo,9087,,258,39,26
2024-01-31,X,photo,14644,,395,59,40
2024-02-01,Instagram,text,11884,,238,36,23
2024-02-01,TikTok,carousel,19424,,374,56,37
2024-02-01,LinkedIn,text,14373,,273,41,27
2024-02-01,X,video,8447,,157,24,15
2024-02-02,Instagram,photo,21102,,457,69,45
2024-02-02,TikTok,carousel,7285,,282,42,28
2024-02-02,LinkedIn,carousel,34895,,1082,162,108
2024-02-02,X,photo,28542,,783,117,79
2024-02-03,Instagram,video,39709,,1053,158,105
2024-02-03,TikTok,text,36898,,890,134,89
2024-02-03,LinkedIn,video,4862,,155,23,16
2024-02-03,X,video,11524,,339,51,34
2024-02-04,Instagram,carousel,24645,,396,59,40
2024-02-04,TikTok,text,29882,,638,96,63
2024-02-04,LinkedIn,photo,23291,,830,125,83
2024-02-04,X,video,30885,,631,95,63
2024-02-05,Instagram,carousel,13340,,255,38,26
2024-02-05,TikTok,text,17443,,639,96,64
2024-02-05,LinkedIn,video,33369,,1077,162,107
2024-02-05,X,video,14386,,254,38,25
2024-02-06,Instagram,video,31091,,536,80,54
2024-02-06,TikTok,text,9746,,375,56,38
2024-02-06,LinkedIn,text,33841,,1259,189,126
2024-02-06,X,photo,31437,,1169,175,117
2024-02-07,Instagram,carousel,36431,,665,100,66
2024-02-07,TikTok,text,17288,,538,81,53
2024-02-07,LinkedIn,video,24378,,513,77,51
2024-02-07,X,text,10468,,247,37,25
2024-02-08,Instagram,carousel,18511,,625,94,62
2024-02-08,TikTok,text,34276,,1086,163,109
2024-02-08,LinkedIn,text,26954,,830,125,83
2024-02-08,X,text,26308,,508,76,51
2024-02-09,Instagram,carousel,18474,,603,90,61
2024-02-09,TikTok,carousel,22001,,533,80,53
2024-02-09,LinkedIn,text,31221,,737,111,73
2024-02-09,X,text,17552,,389,58,39
2024-02-10,Instagram,video,36825,,1422,213,142
2024-02-10,TikTok,carousel,6211,,203,30,21
2024-02-10,LinkedIn,video,15882,,572,86,57
2024-02-10,X,carousel,35948,,1250,188,125
2024-02-11,Instagram,video,16809,,597,90,59
2024-02-11,TikTok,carousel,22493,,607,91,61
2024-02-11,LinkedIn,carousel,8071,,142,21,15
2024-02-11,X,photo,39761,,731,110,73
2024-02-12,Instagram,carousel,17790,,304,46,30
2024-02-12,TikTok,video,23638,,470,71,47
2024-02-12,LinkedIn,text,28723,,710,107,71
2024-02-12,X,text,29154,,1106,166,111
2024-02-13,Instagram,carousel,8619,,313,47,31
2024-02-13,TikTok,photo,15022,,315,47,32
2024-02-13,LinkedIn,carousel,37950,,1115,167,112
2024-02-13,X,photo,29561,,706,106,70
2024-02-14,Instagram,video,3012,,117,18,11
2024-02-14,TikTok,carousel,37983,,1437,216,143
2024-02-14,LinkedIn,photo,32416,,561,84,56
2024-02-14,X,video,37065,,1390,209,139
2024-02-15,Instagram,text,4929,,162,24,17
2024-02-15,TikTok,photo,39190,,1170,176,117
2024-02-15,LinkedIn,video,28716,,1069,160,107
2024-02-15,X,carousel,39766,,1294,194,129
2024-02-16,Instagram,video,29940,,542,81,55
2024-02-16,TikTok,carousel,6019,,178,27,17
2024-02-16,LinkedIn,text,8745,,301,45,30
2024-02-16,X,carousel,39164,,962,144,97
2024-02-17,Instagram,text,12609,,449,67,45
2024-02-17,TikTok,carousel,25937,,621,93,62
2024-02-17,LinkedIn,text,17077,,342,51,34
2024-02-17,X,video,33528,,692,104,69
2024-02-18,Instagram,text,17864,,450,68,45
2024-02-18,TikTok,carousel,3863,,110,16,11
2024-02-18,LinkedIn,video,30339,,758,114,75
2024-02-18,X,carousel,39277,,810,121,81
2024-02-19,Instagram,text,34374,,656,98,66
2024-02-19,TikTok,carousel,25554,,1014,152,102
2024-02-19,LinkedIn,text,16582,,482,72,48
2024-02-19,X,carousel,36348,,684,103,68
2024-02-20,Instagram,text,33921,,782,117,79
2024-02-20,TikTok,text,36974,,1407,211,141
2024-02-20,LinkedIn,carousel,32667,,1130,169,113
2024-02-20,X,video,27577,,813,122,81
2024-02-21,Instagram,photo,30779,,564,85,56
2024-02-21,TikTok,text,17672,,638,96,64
2024-02-21,LinkedIn,video,17625,,350,53,35
2024-02-21,X,text,22068,,357,54,35
2024-02-22,Instagram,video,27088,,942,141,95
2024-02-22,TikTok,carousel,2155,,70,11,7
2024-02-22,LinkedIn,video,4045,,150,22,15
2024-02-22,X,video,18576,,694,104,70
2024-02-23,Instagram,video,34228,,1120,168,112
2024-02-23,TikTok,carousel,25266,,974,146,97
2024-02-23,LinkedIn,photo,25443,,524,79,52
2024-02-23,X,text,26874,,862,129,86
2024-02-24,Instagram,carousel,18190,,438,66,43
2024-02-24,TikTok,text,29554,,858,129,85
2024-02-24,LinkedIn,video,23634,,715,107,72
2024-02-24,X,video,13133,,485,73,48
2024-02-25,Instagram,video,34963,,910,137,91
2024-02-25,TikTok,carousel,38655,,718,108,72
2024-02-25,LinkedIn,photo,22116,,784,118,78
2024-02-25,X,carousel,35297,,715,107,72
2024-02-26,Instagram,text,23894,,926,139,92
2024-02-26,TikTok,carousel,26662,,1004,151,100
2024-02-26,LinkedIn,video,33435,,1240,186,124
2024-02-26,X,carousel,36452,,988,148,99
2024-02-27,Instagram,video,19074,,428,64,43
2024-02-27,TikTok,carousel,15502,,594,89,60
2024-02-27,LinkedIn,carousel,4568,,97,15,9
2024-02-27,X,photo,18208,,673,101,67
2024-02-28,Instagram,text,18708,,360,54,36
2024-02-28,TikTok,text,20313,,811,122,81
2024-02-28,LinkedIn,video,28294,,915,137,92
2024-02-28,X,video,24075,,896,134,90
2024-02-29,Instagram,video,6493,3921,224,34,22
2024-02-29,TikTok,video,32814,22802,1126,169,113
2024-02-29,LinkedIn,carousel,22569,13032,700,105,70
2024-02-29,X,text,8828,5125,218,33,21
2024-03-01,Instagram,video,10989,9089,420,63,42
2024-03-01,TikTok,text,4685,2689,166,25,17
2024-03-01,LinkedIn,photo,17902,13489,704,106,70
2024-03-01,X,photo,11893,9295,369,55,37
2024-03-02,Instagram,carousel,12997,7316,506,76,50
2024-03-02,TikTok,carousel,20941,14844,697,105,69
2024-03-02,LinkedIn,carousel,26730,17416,597,90,59
2024-03-02,X,text,26717,19118,758,114,75
2024-03-03,Instagram,carousel,4933,3865,182,27,18
2024-03-03,TikTok,carousel,17302,9796,318,48,31
2024-03-03,LinkedIn,video,26793,15076,903,135,91
2024-03-03,X,text,22140,17116,590,88,59
2024-03-04,Instagram,photo,12205,7292,307,46,31
2024-03-04,TikTok,text,29577,21710,958,144,95
2024-03-04,LinkedIn,carousel,20507,15601,514,77,51
2024-03-04,X,carousel,39779,22404,1083,162,109
2024-03-05,Instagram,video,38584,24789,630,94,63
2024-03-05,TikTok,carousel,25029,15419,623,93,63
2024-03-05,LinkedIn,text,18344,12771,725,109,72
2024-03-05,X,text,25392,20507,621,93,62
2024-03-06,Instagram,carousel,11581,9031,218,33,21
2024-03-06,TikTok,text,37760,23608,877,132,87
2024-03-06,LinkedIn,photo,22200,13087,474,71,48
2024-03-06,X,photo,2263,1661,70,11,7
2024-03-07,Instagram,video,31825,25071,1234,185,123
2024-03-07,TikTok,text,38076,29605,1440,216,144
2024-03-07,LinkedIn,carousel,8776,5486,292,44,29
2024-03-07,X,video,16570,9449,520,78,52
2024-03-08,Instagram,text,14432,10904,488,73,49
2024-03-08,TikTok,video,29871,23472,1187,178,119
2024-03-08,LinkedIn,carousel,26952,20092,482,72,49
2024-03-08,X,carousel,6763,4987,214,32,21
2024-03-09,Instagram,video,14386,8299,493,74,49
2024-03-09,TikTok,video,33995,25605,1165,175,116
2024-03-09,LinkedIn,photo,29157,21696,1155,173,116
2024-03-09,X,video,14938,11118,547,82,55
2024-03-10,Instagram,video,19910,12820,491,74,49
2024-03-10,TikTok,carousel,33636,22449,1287,193,129
2024-03-10,LinkedIn,photo,6749,4454,146,22,15
2024-03-10,X,text,18214,14221,503,75,51
2024-03-11,Instagram,text,11841,8771,206,31,21
2024-03-11,TikTok,text,33686,26747,1138,171,113
2024-03-11,LinkedIn,carousel,11392,6504,409,61,41
2024-03-11,X,text,26105,15966,934,140,94
2024-03-12,Instagram,video,23009,16966,693,104,69
2024-03-12,TikTok,photo,6123,3492,107,16,11
2024-03-12,LinkedIn,photo,24424,16795,391,59,39
2024-03-12,X,carousel,25897,14767,614,92,61
2024-03-13,Instagram,photo,7606,5198,298,45,29
2024-03-13,TikTok,carousel,25387,20293,666,100,66
2024-03-13,LinkedIn,text,16237,13755,382,57,38
2024-03-13,X,text,4022,3026,124,19,12
2024-03-14,Instagram,text,14568,8769,426,64,43
2024-03-14,TikTok,carousel,23747,17649,438,66,43
2024-03-14,LinkedIn,carousel,5650,3427,185,28,18
2024-03-14,X,text,5434,4403,169,25,17
2024-03-15,Instagram,carousel,18942,11041,357,54,35
2024-03-15,TikTok,carousel,2684,1656,53,8,5
2024-03-15,LinkedIn,photo,5286,4427,150,23,15
2024-03-15,X,carousel,2985,1927,90,13,9
2024-03-16,Instagram,photo,19269,11121,726,109,72
2024-03-16,TikTok,photo,16263,12734,465,70,46
2024-03-16,LinkedIn,video,4946,4048,157,24,15
2024-03-16,X,video,32796,26360,630,94,63
2024-03-17,Instagram,photo,20953,16556,674,101,68
2024-03-17,TikTok,carousel,2506,1613,43,6,5
2024-03-17,LinkedIn,photo,30982,22622,900,135,90
2024-03-17,X,text,25634,19685,624,94,62
2024-03-18,Instagram,text,19638,11307,691,104,69
2024-03-18,TikTok,photo,32772,27373,974,146,98
2024-03-18,LinkedIn,video,15673,13293,341,51,34
2024-03-18,X,video,18290,10098,659,99,66
2024-03-19,Instagram,text,22586,14226,525,79,52
2024-03-19,TikTok,text,29125,18151,1148,172,115
2024-03-19,LinkedIn,text,8605,6342,240,36,24
2024-03-19,X,photo,22951,18252,795,119,80
2024-03-20,Instagram,text,32046,21926,1222,183,122
2024-03-20,TikTok,text,13717,9518,303,45,31
2024-03-20,LinkedIn,photo,8038,6785,286,43,28
2024-03-20,X,carousel,10573,7983,422,63,42
2024-03-21,Instagram,carousel,28634,22909,586,88,58
2024-03-21,TikTok,photo,16157,13725,482,72,48
2024-03-21,LinkedIn,text,20286,16089,571,86,57
2024-03-21,X,text,8263,6623,136,20,14
2024-03-22,Instagram,carousel,30706,17261,832,125,83
2024-03-22,TikTok,text,18887,13246,457,69,45
2024-03-22,LinkedIn,photo,5090,3452,175,26,18
2024-03-22,X,text,6644,4723,129,19,13
2024-03-23,Instagram,photo,39733,26708,663,99,67
2024-03-23,TikTok,carousel,16561,10994,366,55,37
2024-03-23,LinkedIn,text,10995,6125,365,55,36
2024-03-23,X,video,19241,12683,532,80,53
2024-03-24,Instagram,text,23675,15218,454,68,45
2024-03-24,TikTok,text,37414,31738,936,140,94
2024-03-24,LinkedIn,text,6723,5685,186,28,19
2024-03-24,X,carousel,27847,19945,489,73,49
2024-03-25,Instagram,text,14359,9924,246,37,25
2024-03-25,TikTok,photo,12641,7033,259,39,26
2024-03-25,LinkedIn,text,16548,10109,377,57,37
2024-03-25,X,carousel,3900,2493,142,21,14
2024-03-26,Instagram,carousel,14854,9400,292,44,29
2024-03-26,TikTok,video,25772,19950,821,123,82
2024-03-26,LinkedIn,carousel,27673,18410,714,107,72
2024-03-26,X,text,5864,3320,210,32,21
2024-03-27,Instagram,video,20839,11989,821,123,82
2024-03-27,TikTok,carousel,30044,19994,705,106,70
2024-03-27,LinkedIn,carousel,11603,7659,291,44,29
2024-03-27,X,text,10598,8591,184,28,18
2024-03-28,Instagram,carousel,3988,2840,90,13,9
2024-03-28,TikTok,photo,21780,14514,488,73,49
2024-03-28,LinkedIn,carousel,21522,14619,836,125,84
2024-03-28,X,photo,10729,8094,365,55,36
2024-03-29,Instagram,photo,9338,7624,162,24,17
2024-03-29,TikTok,text,23761,18489,567,85,57
2024-03-29,LinkedIn,text,23664,17356,490,74,49
2024-03-29,X,video,36036,26723,846,127,85
2024-03-30,Instagram,video,24667,15652,826,124,82
2024-03-30,TikTok,carousel,30603,20238,511,77,51
2024-03-30,LinkedIn,video,32693,18087,966,145,97
2024-03-30,X,photo,22815,15347,597,90,59
2024-03-31,Instagram,photo,39867,23117,696,104,70
2024-03-31,TikTok,carousel,30128,18968,993,149,99
2024-03-31,LinkedIn,video,19075,11127,736,110,74
2024-03-31,X,photo,25261,17632,458,69,45
2024-04-01,Instagram,video,30322,19004,711,107,71
2024-04-01,TikTok,carousel,24745,20869,724,109,72
2024-04-01,LinkedIn,video,6455,3719,214,32,21
2024-04-01,X,video,8838,6289,291,44,29
2024-04-02,Instagram,video,16279,11462,363,54,37
2024-04-02,TikTok,carousel,14821,11911,480,72,48
2024-04-02,LinkedIn,text,17029,9972,613,92,61
2024-04-02,X,video,23661,17619,449,67,45
2024-04-03,Instagram,photo,8228,6493,191,29,19
2024-04-03,TikTok,photo,20057,12950,418,63,41
2024-04-03,LinkedIn,photo,16921,12871,626,94,62
2024-04-03,X,video,35861,27249,1189,178,119
2024-04-04,Instagram,video,28274,19828,765,115,76
2024-04-04,TikTok,carousel,24864,15728,550,83,55
2024-04-04,LinkedIn,photo,13558,11380,251,38,25
2024-04-04,X,text,24969,18591,653,98,65
2024-04-05,Instagram,carousel,17508,13930,491,74,49
2024-04-05,TikTok,text,37735,24509,702,105,70
2024-04-05,LinkedIn,text,39046,32896,1134,170,114
2024-04-05,X,carousel,5287,4255,191,29,19
2024-04-06,Instagram,photo,9391,5230,367,55,37
2024-04-06,TikTok,photo,36622,21863,754,113,75
2024-04-06,LinkedIn,video,19541,11085,320,48,32
2024-04-06,X,video,9263,6107,205,31,20
2024-04-07,Instagram,text,37123,29453,800,120,80
2024-04-07,TikTok,photo,28314,22222,570,86,57
2024-04-07,LinkedIn,text,24629,14313,530,79,53
2024-04-07,X,carousel,32868,20785,1103,165,111
2024-04-08,Instagram,carousel,3017,2203,91,14,9
2024-04-08,TikTok,photo,31806,26270,525,79,52
2024-04-08,LinkedIn,photo,22698,18509,814,122,82
2024-04-08,X,photo,18964,16095,374,56,38
2024-04-09,Instagram,photo,3881,3117,92,14,9
2024-04-09,TikTok,video,23677,14916,413,62,41
2024-04-09,LinkedIn,text,16314,10757,441,66,44
2024-04-09,X,video,30693,22297,719,108,72
2024-04-10,Instagram,text,10383,6782,342,51,34
2024-04-10,TikTok,video,35468,28269,603,90,61
2024-04-10,LinkedIn,video,25596,14165,918,138,91
2024-04-10,X,text,6836,3905,262,39,26
2024-04-11,Instagram,text,2434,1750,46,7,5
2024-04-11,TikTok,carousel,23050,14098,479,72,48
2024-04-11,LinkedIn,photo,33589,19596,1159,174,116
2024-04-11,X,carousel,11200,8621,382,57,39
2024-04-12,Instagram,carousel,28560,23760,555,83,56
2024-04-12,TikTok,video,2005,1677,47,7,5
2024-04-12,LinkedIn,video,7641,4387,179,27,18
2024-04-12,X,carousel,25987,17768,810,122,81
2024-04-13,Instagram,text,37276,22688,1055,158,106
2024-04-13,TikTok,video,31002,24956,1080,162,108
2024-04-13,LinkedIn,photo,34783,27232,1161,174,116
2024-04-13,X,video,11169,9419,319,48,32
2024-04-14,Instagram,video,12464,9294,285,43,28
2024-04-14,TikTok,text,5160,3188,166,25,16
2024-04-14,LinkedIn,photo,39090,31032,1185,178,118
2024-04-14,X,carousel,39868,25571,1218,183,122
2024-04-15,Instagram,photo,32746,23345,1197,180,119
2024-04-15,TikTok,video,19444,12321,675,101,68
2024-04-15,LinkedIn,carousel,31071,25200,1161,174,116
2024-04-15,X,photo,15724,12999,374,56,37
2024-04-16,Instagram,carousel,26858,17383,444,67,44
2024-04-16,TikTok,carousel,10017,6658,330,49,33
2024-04-16,LinkedIn,video,15035,8309,244,37,24
2024-04-16,X,photo,36276,21692,969,145,97
2024-04-17,Instagram,video,23026,19487,398,60,40
2024-04-17,TikTok,video,3633,2433,138,21,13
2024-04-17,LinkedIn,photo,10471,8841,383,57,39
2024-04-17,X,carousel,34332,23952,663,99,67
2024-04-18,Instagram,photo,18343,12154,626,94,62
2024-04-18,TikTok,video,25004,21209,864,130,86
2024-04-18,LinkedIn,carousel,35420,25275,1332,200,133
2024-04-18,X,video,27349,22032,448,67,45
2024-04-19,Instagram,video,38143,26576,1087,163,109
2024-04-19,TikTok,text,4172,3478,134,20,13
2024-04-19,LinkedIn,text,13847,10839,298,45,29
2024-04-19,X,carousel,24804,20654,524,79,52
2024-04-20,Instagram,carousel,5370,4250,138,21,14
2024-04-20,TikTok,carousel,25893,17815,415,62,42
2024-04-20,LinkedIn,carousel,25026,16604,778,117,77
2024-04-20,X,video,11571,8271,308,46,31
2024-04-21,Instagram,photo,27965,20288,570,86,57
2024-04-21,TikTok,video,9003,6253,210,32,21
2024-04-21,LinkedIn,text,20904,17764,649,97,65
2024-04-21,X,carousel,7296,5884,127,19,13
2024-04-22,Instagram,photo,2229,1353,58,9,5
2024-04-22,TikTok,video,31800,17563,723,108,73
2024-04-22,LinkedIn,text,37482,26703,1112,167,111
2024-04-22,X,photo,11770,9117,223,33,23
2024-04-23,Instagram,text,14207,9481,393,59,39
2024-04-23,TikTok,carousel,11413,7641,418,63,41
2024-04-23,LinkedIn,text,26190,18130,847,127,85
2024-04-23,X,photo,26306,15582,710,106,71
2024-04-24,Instagram,photo,19057,14394,633,95,63
2024-04-24,TikTok,carousel,29185,22110,654,98,66
2024-04-24,LinkedIn,video,27260,16194,514,77,52
2024-04-24,X,text,37115,23477,1233,185,123
2024-04-25,Instagram,photo,14427,10538,364,55,36
2024-04-25,TikTok,carousel,10036,8275,186,28,18
2024-04-25,LinkedIn,carousel,39100,22694,668,100,67
2024-04-25,X,text,36678,20609,981,147,98
2024-04-26,Instagram,photo,23832,13266,837,126,83
2024-04-26,TikTok,photo,9850,6589,249,37,25
2024-04-26,LinkedIn,carousel,39674,26396,1286,193,128
2024-04-26,X,video,7120,4517,139,21,14
2024-04-27,Instagram,photo,4025,2803,99,15,10
2024-04-27,TikTok,photo,8845,5075,270,41,27
2024-04-27,LinkedIn,carousel,7870,6359,198,30,20
2024-04-27,X,text,17595,10298,425,64,42
2024-04-28,Instagram,carousel,18377,12942,571,86,57
2024-04-28,TikTok,carousel,8945,7155,318,48,32
2024-04-28,LinkedIn,video,20882,14758,678,102,68
2024-04-28,X,carousel,17646,11021,542,81,54
2024-04-29,Instagram,text,30247,24814,770,115,77
2024-04-29,TikTok,video,17161,13384,554,83,56
2024-04-29,LinkedIn,text,9581,7591,241,36,24
2024-04-29,X,text,10590,6682,349,52,35
2024-04-30,Instagram,text,38359,21667,1271,191,127
2024-04-30,TikTok,video,28960,20624,826,124,83
2024-04-30,LinkedIn,carousel,7890,6487,234,35,24
2024-04-30,X,carousel,36892,31200,1090,163,109
2024-05-01,Instagram,carousel,22180,13992,887,133,89
2024-05-01,TikTok,carousel,11645,8782,302,45,30
2024-05-01,LinkedIn,photo,22159,12716,745,112,74
2024-05-01,X,photo,5536,4241,141,21,14
2024-05-02,Instagram,text,39289,22737,690,104,69
2024-05-02,TikTok,photo,39729,32429,842,126,84
2024-05-02,LinkedIn,photo,14542,12200,508,76,51
2024-05-02,X,photo,19405,14343,648,97,65
2024-05-03,Instagram,video,18757,13687,389,58,39
2024-05-03,TikTok,video,12305,8071,391,59,39
2024-05-03,LinkedIn,photo,38371,31338,754,113,76
2024-05-03,X,photo,16651,9255,465,70,46
2024-05-04,Instagram,text,10520,7990,222,33,22
2024-05-04,TikTok,video,16430,9380,414,62,42
2024-05-04,LinkedIn,carousel,31529,19165,1118,168,111
2024-05-04,X,text,20074,14944,362,54,37
2024-05-05,Instagram,video,16754,11599,478,72,47
2024-05-05,TikTok,video,6491,3851,109,16,11
2024-05-05,LinkedIn,photo,27828,19712,691,104,69
2024-05-05,X,text,6495,3665,166,25,16
2024-05-06,Instagram,video,13251,9200,275,41,28
2024-05-06,TikTok,video,15587,9092,352,53,35
2024-05-06,LinkedIn,carousel,26384,15912,501,75,50
2024-05-06,X,carousel,4131,3303,155,23,16
2024-05-07,Instagram,carousel,8792,4990,146,22,15
2024-05-07,TikTok,video,24898,15506,944,142,94
2024-05-07,LinkedIn,text,12987,8568,246,37,25
2024-05-07,X,carousel,37974,21021,1266,190,126
2024-05-08,Instagram,photo,28525,21214,857,129,85
2024-05-08,TikTok,carousel,23064,18662,870,131,87
2024-05-08,LinkedIn,video,19485,14074,420,63,42
2024-05-08,X,photo,37157,23831,1206,181,121
2024-05-09,Instagram,carousel,21334,12324,487,73,49
2024-05-09,TikTok,text,27562,20648,742,111,75
2024-05-09,LinkedIn,video,31149,25081,634,95,63
2024-05-09,X,video,8336,5706,210,31,21
2024-05-10,Instagram,photo,33225,27961,890,134,89
2024-05-10,TikTok,video,30073,16615,523,78,53
2024-05-10,LinkedIn,video,8054,4724,254,38,26
2024-05-10,X,text,19067,13432,410,62,41
2024-05-11,Instagram,carousel,38688,31659,966,145,97
2024-05-11,TikTok,video,17865,11178,531,80,53
2024-05-11,LinkedIn,carousel,20455,14370,482,72,48
2024-05-11,X,text,29175,17979,846,127,85
2024-05-12,Instagram,photo,38081,30290,960,144,96
2024-05-12,TikTok,video,33165,18766,753,113,75
2024-05-12,LinkedIn,photo,4156,3077,158,24,15
2024-05-12,X,carousel,26130,16262,784,118,78
2024-05-13,Instagram,text,3002,1977,113,17,11
2024-05-13,TikTok,text,4532,3418,175,26,18
2024-05-13,LinkedIn,carousel,9893,8241,233,35,23
2024-05-13,X,carousel,8425,5951,263,39,27
2024-05-14,Instagram,video,11666,6836,325,49,32
2024-05-14,TikTok,photo,34239,22262,1271,191,127
2024-05-14,LinkedIn,carousel,34701,19148,1030,154,103
2024-05-14,X,text,6951,5053,122,18,12
2024-05-15,Instagram,carousel,4274,3595,168,25,17
2024-05-15,TikTok,video,39635,27146,646,97,65
2024-05-15,LinkedIn,carousel,5294,4242,210,32,21
2024-05-15,X,text,30369,24629,750,113,75
2024-05-16,Instagram,video,32398,21631,833,125,83
2024-05-16,TikTok,carousel,2534,1406,98,15,9
2024-05-16,LinkedIn,text,27440,16796,561,84,56
2024-05-16,X,photo,10484,8893,230,34,23
2024-05-17,Instagram,carousel,14343,11217,306,46,30
2024-05-17,TikTok,video,28583,23333,1138,171,114
2024-05-17,LinkedIn,carousel,27332,22833,540,81,54
2024-05-17,X,video,13627,7965,443,66,45
2024-05-18,Instagram,carousel,22536,17311,498,75,49
2024-05-18,TikTok,video,26637,15395,620,93,62
2024-05-18,LinkedIn,carousel,38970,24790,939,141,94
2024-05-18,X,text,34024,20933,1351,203,135
2024-05-19,Instagram,text,38890,26078,1369,205,137
2024-05-19,TikTok,video,34135,20330,1250,188,125
2024-05-19,LinkedIn,text,35526,20854,1132,170,113
2024-05-19,X,video,15170,10313,550,82,55
2024-05-20,Instagram,video,14184,11185,464,70,46
2024-05-20,TikTok,text,10475,6971,313,47,31
2024-05-20,LinkedIn,video,26730,17701,828,124,83
2024-05-20,X,carousel,23210,15201,593,89,59
2024-05-21,Instagram,text,3440,1960,86,13,8
2024-05-21,TikTok,carousel,10390,6423,255,38,26
2024-05-21,LinkedIn,video,4237,2674,104,16,10
2024-05-21,X,carousel,2308,1496,54,8,6
2024-05-22,Instagram,carousel,35293,28358,1327,199,133
2024-05-22,TikTok,text,15321,10912,297,45,29
2024-05-22,LinkedIn,carousel,39007,29334,1239,186,124
2024-05-22,X,video,24026,19051,878,132,87
2024-05-23,Instagram,carousel,19366,13858,357,54,35
2024-05-23,TikTok,video,30794,25496,1223,183,123
2024-05-23,LinkedIn,carousel,36673,24426,676,101,68
2024-05-23,X,photo,4695,3474,175,26,18
2024-05-24,Instagram,text,33651,25609,986,148,99
2024-05-24,TikTok,text,31792,17845,609,91,61
2024-05-24,LinkedIn,text,24925,17216,436,65,44
2024-05-24,X,text,30798,20117,497,75,49
2024-05-25,Instagram,text,3878,2397,126,19,13
2024-05-25,TikTok,photo,22133,18092,371,56,37
2024-05-25,LinkedIn,carousel,22881,16331,802,120,80
2024-05-25,X,video,38333,26936,1135,170,114
2024-05-26,Instagram,video,28895,22613,1058,159,105
2024-05-26,TikTok,video,17845,10786,481,72,48
2024-05-26,LinkedIn,text,24458,14353,675,101,68
2024-05-26,X,photo,24197,13507,827,124,83
2024-05-27,Instagram,text,22036,12354,541,81,54
2024-05-27,TikTok,text,30539,22210,874,131,88
2024-05-27,LinkedIn,photo,19755,16188,471,71,47
2024-05-27,X,photo,29560,20199,938,141,93
2024-05-28,Instagram,video,36505,20558,1048,157,105
2024-05-28,TikTok,video,12784,7434,446,67,45
2024-05-28,LinkedIn,photo,16421,9400,490,74,49
2024-05-28,X,carousel,9237,5809,212,32,21
2024-05-29,Instagram,photo,20741,14508,737,111,73
2024-05-29,TikTok,text,31487,20366,711,107,71
2024-05-29,LinkedIn,photo,23033,17319,710,107,71
2024-05-29,X,video,5065,3175,167,25,17
2024-05-30,Instagram,photo,29803,17017,1049,157,105
2024-05-30,TikTok,photo,23259,18166,687,103,69
2024-05-30,LinkedIn,carousel,32472,26075,535,80,54
2024-05-30,X,photo,15277,11985,259,39,26
2024-05-31,Instagram,text,18736,14331,436,65,44
2024-05-31,TikTok,text,5797,3558,210,32,21
2024-05-31,LinkedIn,text,5295,3195,161,24,16
2024-05-31,X,carousel,15878,9163,465,70,46
2024-06-01,Instagram,carousel,15955,13529,415,62,42
2024-06-01,TikTok,text,23258,19535,923,138,93
2024-06-01,LinkedIn,text,5113,2850,143,21,15
2024-06-01,X,photo,20019,14871,666,100,66
2024-06-02,Instagram,photo,30612,20213,919,138,92
2024-06-02,TikTok,video,15631,9599,468,70,47
2024-06-02,LinkedIn,photo,29966,23655,639,96,64
2024-06-02,X,video,23372,15795,530,79,53
2024-06-03,Instagram,video,35974,25513,1135,170,114
2024-06-03,TikTok,text,30117,19382,502,75,50
2024-06-03,LinkedIn,carousel,33693,21493,1122,168,112
2024-06-03,X,video,25508,15817,590,88,59
2024-06-04,Instagram,carousel,28799,21965,1102,165,110
2024-06-04,TikTok,photo,14497,8444,434,65,43
2024-06-04,LinkedIn,carousel,23314,19794,622,93,62
2024-06-04,X,carousel,13265,7474,288,43,29
2024-06-05,Instagram,text,12712,10722,286,43,28
2024-06-05,TikTok,carousel,28514,17839,742,111,74
2024-06-05,LinkedIn,text,4400,2950,114,17,11
2024-06-05,X,video,20133,12702,329,49,33
2024-06-06,Instagram,text,19575,14141,369,55,37
2024-06-06,TikTok,video,37244,26143,1227,184,123
2024-06-06,LinkedIn,text,2451,1580,54,8,5
2024-06-06,X,photo,33619,19459,582,87,59
2024-06-07,Instagram,text,16868,10336,503,75,51
2024-06-07,TikTok,photo,8471,4815,270,40,27
2024-06-07,LinkedIn,video,8269,4994,190,28,19
2024-06-07,X,carousel,16628,13108,415,62,42
2024-06-08,Instagram,text,5059,3356,137,21,13
2024-06-08,TikTok,video,10066,8092,306,46,30
2024-06-08,LinkedIn,photo,37334,24733,1153,173,115
2024-06-08,X,photo,4837,2705,149,22,15
2024-06-09,Instagram,video,38984,29342,978,147,98
2024-06-09,TikTok,carousel,3355,2693,55,8,6
2024-06-09,LinkedIn,text,37177,26445,708,106,71
2024-06-09,X,video,14069,8496,274,41,27
2024-06-10,Instagram,carousel,21215,12360,734,110,74
2024-06-10,TikTok,photo,16502,11025,521,78,52
2024-06-10,LinkedIn,text,22760,18472,680,102,68
2024-06-10,X,video,23670,17529,422,63,42
2024-06-11,Instagram,text,27444,18447,442,66,45
2024-06-11,TikTok,text,13876,9812,396,59,40
2024-06-11,LinkedIn,carousel,21846,15042,707,106,71
2024-06-11,X,carousel,35879,21081,886,133,89
2024-06-12,Instagram,video,23850,15527,607,91,61
2024-06-12,TikTok,photo,31433,19582,523,78,53
2024-06-12,LinkedIn,carousel,20375,14771,398,60,39
2024-06-12,X,text,21209,11809,771,116,77
2024-06-13,Instagram,photo,2478,1372,58,9,5
2024-06-13,TikTok,video,8085,6546,318,48,32
2024-06-13,LinkedIn,photo,21841,12125,738,111,73
2024-06-13,X,text,15819,11828,378,57,38
2024-06-14,Instagram,carousel,2615,1602,52,8,5
2024-06-14,TikTok,video,35084,22638,1118,168,111
2024-06-14,LinkedIn,text,30665,20199,758,114,76
2024-06-14,X,video,28891,21398,892,134,89
2024-06-15,Instagram,photo,18161,13674,557,84,55
2024-06-15,TikTok,text,35383,24275,1358,204,135
2024-06-15,LinkedIn,carousel,35570,23266,655,98,66
2024-06-15,X,photo,26000,15369,798,120,79
2024-06-16,Instagram,photo,19006,13021,513,77,51
2024-06-16,TikTok,carousel,13023,8596,285,43,28
2024-06-16,LinkedIn,text,30960,18345,710,107,71
2024-06-16,X,video,26495,16509,639,96,64
2024-06-17,Instagram,carousel,10406,6237,371,56,37
2024-06-17,TikTok,video,36507,27776,1221,183,122
2024-06-17,LinkedIn,video,38288,28783,1143,171,115
2024-06-17,X,photo,10871,6774,185,28,18
2024-06-18,Instagram,text,16360,10787,321,48,32
2024-06-18,TikTok,video,32166,27056,702,105,70
2024-06-18,LinkedIn,carousel,13435,11146,535,80,54
2024-06-18,X,video,18146,15128,386,58,39
2024-06-19,Instagram,video,24977,19874,587,88,59
2024-06-19,TikTok,carousel,33544,27063,900,135,90
2024-06-19,LinkedIn,text,20088,12816,322,48,32
2024-06-19,X,video,15231,12906,505,76,50
2024-06-20,Instagram,carousel,9860,7886,309,46,31
2024-06-20,TikTok,video,12767,9070,473,71,47
2024-06-20,LinkedIn,photo,23109,18405,683,102,69
2024-06-20,X,photo,32312,19396,1095,164,110
2024-06-21,Instagram,text,27477,19727,1096,164,110
2024-06-21,TikTok,photo,15921,13456,623,93,63
2024-06-21,LinkedIn,carousel,23913,17362,506,76,51
2024-06-21,X,text,32218,24679,1286,193,128
2024-06-22,Instagram,text,10533,6788,381,57,38
2024-06-22,TikTok,photo,32427,20703,631,95,63
2024-06-22,LinkedIn,video,5844,4927,109,16,11
2024-06-22,X,photo,7802,5846,249,37,25
2024-06-23,Instagram,carousel,17353,14157,397,60,39
2024-06-23,TikTok,carousel,16412,13880,614,92,62
2024-06-23,LinkedIn,text,31547,17434,570,85,57
2024-06-23,X,photo,3313,1920,94,14,9
2024-06-24,Instagram,video,25248,20312,510,76,51
2024-06-24,TikTok,video,22090,14230,778,117,77
2024-06-24,LinkedIn,photo,36346,26998,1229,184,123
2024-06-24,X,video,21773,15358,858,129,86
2024-06-25,Instagram,carousel,27898,22663,528,79,53
2024-06-25,TikTok,text,35133,25527,1090,164,109
2024-06-25,LinkedIn,video,39616,22895,1095,164,110
2024-06-25,X,carousel,8346,4901,166,25,17
2024-06-26,Instagram,video,18719,10571,565,85,56
2024-06-26,TikTok,video,32045,22269,796,119,80
2024-06-26,LinkedIn,text,14162,8393,430,65,43
2024-06-26,X,carousel,23723,14042,932,140,93
2024-06-27,Instagram,video,12246,7396,476,71,48
2024-06-27,TikTok,photo,39542,25874,937,141,93
2024-06-27,LinkedIn,carousel,21592,14801,506,76,50
2024-06-27,X,text,37488,21976,697,105,69
2024-06-28,Instagram,text,27503,16044,802,120,80
2024-06-28,TikTok,text,3921,2770,76,11,8
2024-06-28,LinkedIn,photo,5689,4624,205,31,20
2024-06-28,X,photo,25495,16075,522,78,52
2024-06-29,Instagram,video,33378,18713,1133,170,113
2024-06-29,TikTok,photo,2442,1817,92,14,9
2024-06-29,LinkedIn,text,3790,2965,103,15,11
2024-06-29,X,video,29250,22597,1007,151,101
2024-06-30,Instagram,photo,8001,6337,132,20,13
2024-06-30,TikTok,carousel,36697,30946,733,110,73
2024-06-30,LinkedIn,text,16162,10457,496,74,50
2024-06-30,X,text,25275,21263,667,100,67
2024-07-01,Instagram,photo,36116,22595,1433,215,143
2024-07-01,TikTok,video,15983,12132,274,41,28
2024-07-01,LinkedIn,photo,27371,21865,1014,152,101
2024-07-01,X,carousel,22492,18905,813,122,81
2024-07-02,Instagram,carousel,26458,18406,738,111,73
2024-07-02,TikTok,text,6688,4132,150,23,15
2024-07-02,LinkedIn,photo,27663,15560,516,77,52
2024-07-02,X,text,7593,5640,265,40,26
2024-07-03,Instagram,text,37128,22863,1190,179,119
2024-07-03,TikTok,text,25655,18252,547,82,55
2024-07-03,LinkedIn,photo,34335,23658,947,142,95
2024-07-03,X,photo,4416,2574,100,15,10
2024-07-04,Instagram,carousel,30964,17741,1225,184,122
2024-07-04,TikTok,photo,23561,16286,398,60,39
2024-07-04,LinkedIn,video,37115,27830,1068,160,107
2024-07-04,X,carousel,19323,10665,578,87,58
2024-07-05,Instagram,video,10922,8970,256,38,26
2024-07-05,TikTok,video,20292,11393,636,95,64
2024-07-05,LinkedIn,photo,19529,14260,425,64,42
2024-07-05,X,carousel,24569,19430,571,86,57
2024-07-06,Instagram,carousel,3448,1985,55,8,6
2024-07-06,TikTok,video,12319,9524,439,66,44
2024-07-06,LinkedIn,carousel,18287,15052,331,50,33
2024-07-06,X,photo,17682,10330,465,70,46
2024-07-07,Instagram,video,3854,3106,148,22,15
2024-07-07,TikTok,video,32072,26230,731,110,73
2024-07-07,LinkedIn,photo,30645,19094,578,87,57
2024-07-07,X,photo,4838,2680,125,19,12
2024-07-08,Instagram,photo,35690,26034,1077,162,107
2024-07-08,TikTok,photo,17314,14223,581,87,58
2024-07-08,LinkedIn,photo,35791,25761,577,87,57
2024-07-08,X,photo,22232,14528,461,69,46
2024-07-09,Instagram,text,20122,12205,367,55,37
2024-07-09,TikTok,video,22518,16615,850,127,85
2024-07-09,LinkedIn,text,16214,11218,300,45,30
2024-07-09,X,carousel,5457,3059,132,20,13
2024-07-10,Instagram,carousel,25308,16017,588,88,59
2024-07-10,TikTok,text,12240,9091,390,58,39
2024-07-10,LinkedIn,photo,17083,11971,490,74,49
2024-07-10,X,carousel,38878,26125,645,97,64
2024-07-11,Instagram,photo,21768,15975,790,118,79
2024-07-11,TikTok,carousel,34497,25085,570,85,57
2024-07-11,LinkedIn,text,15616,10686,326,49,32
2024-07-11,X,photo,35004,24393,670,100,67
2024-07-12,Instagram,text,17765,11694,371,56,37
2024-07-12,TikTok,text,14135,9777,312,47,31
2024-07-12,LinkedIn,photo,18463,13856,704,106,70
2024-07-12,X,carousel,21868,14224,514,77,51
2024-07-13,Instagram,carousel,4676,3142,161,24,16
2024-07-13,TikTok,carousel,2216,1861,84,13,8
2024-07-13,LinkedIn,carousel,7072,4748,186,28,18
2024-07-13,X,text,12398,8033,214,32,22
2024-07-14,Instagram,video,16370,12299,608,91,61
2024-07-14,TikTok,photo,7380,5696,282,42,28
2024-07-14,LinkedIn,photo,35074,20225,945,142,94
2024-07-14,X,video,25795,18008,865,130,86
2024-07-15,Instagram,text,36578,24795,1414,212,142
2024-07-15,TikTok,video,17231,13412,534,80,54
2024-07-15,LinkedIn,video,21647,16183,768,115,77
2024-07-15,X,photo,32905,26232,1053,158,105
2024-07-16,Instagram,text,20273,14822,536,80,54
2024-07-16,TikTok,video,19702,14475,718,108,71
2024-07-16,LinkedIn,text,38902,31533,1017,153,101
2024-07-16,X,photo,15595,11268,328,49,33
2024-07-17,Instagram,text,29044,16926,1156,173,116
2024-07-17,TikTok,carousel,24438,19399,962,144,96
2024-07-17,LinkedIn,photo,29250,21381,754,113,75
2024-07-17,X,carousel,26131,18982,910,136,91
2024-07-18,Instagram,photo,24469,14444,672,101,67
2024-07-18,TikTok,photo,8167,4742,323,48,33
2024-07-18,LinkedIn,carousel,16779,10183,321,48,32
2024-07-18,X,carousel,18549,13536,721,108,72
2024-07-19,Instagram,video,3491,2412,58,9,6
2024-07-19,TikTok,text,12078,9487,348,52,35
2024-07-19,LinkedIn,photo,14632,11163,331,50,33
2024-07-19,X,text,22030,15771,610,91,61
2024-07-20,Instagram,photo,19796,15735,384,58,38
2024-07-20,TikTok,carousel,11191,6246,186,28,19
2024-07-20,LinkedIn,text,8379,5394,315,47,32
2024-07-20,X,photo,10279,8473,269,40,27
2024-07-21,Instagram,photo,15182,8803,498,75,50
2024-07-21,TikTok,photo,11736,7056,371,56,37
2024-07-21,LinkedIn,photo,15392,10900,431,65,43
2024-07-21,X,photo,36897,31151,700,105,70
2024-07-22,Instagram,carousel,30938,24261,550,82,55
2024-07-22,TikTok,video,34529,19485,935,140,94
2024-07-22,LinkedIn,text,30221,21840,536,80,54
2024-07-22,X,video,28755,17511,701,105,70
2024-07-23,Instagram,text,39220,23566,773,116,77
2024-07-23,TikTok,carousel,22341,14239,590,89,59
2024-07-23,LinkedIn,photo,7969,6017,161,24,16
2024-07-23,X,text,35371,24362,827,124,83
2024-07-24,Instagram,text,2420,1866,64,10,6
2024-07-24,TikTok,carousel,13281,9890,382,57,38
2024-07-24,LinkedIn,carousel,37667,25186,1504,226,150
2024-07-24,X,video,22285,15270,746,112,75
2024-07-25,Instagram,text,8551,5802,150,22,15
2024-07-25,TikTok,video,10164,6491,348,52,35
2024-07-25,LinkedIn,video,21647,17650,561,84,56
2024-07-25,X,text,6435,5308,245,37,24
2024-07-26,Instagram,text,26613,22414,1004,151,100
2024-07-26,TikTok,photo,39892,23663,868,130,87
2024-07-26,LinkedIn,video,38922,24525,666,100,66
2024-07-26,X,carousel,39528,21852,1416,212,142
2024-07-27,Instagram,carousel,3969,2425,122,18,12
2024-07-27,TikTok,video,22823,13650,511,77,51
2024-07-27,LinkedIn,carousel,24554,20235,592,89,59
2024-07-27,X,text,39417,28642,727,109,73
2024-07-28,Instagram,video,39729,26100,1281,192,128
2024-07-28,TikTok,video,22149,16659,548,82,55
2024-07-28,LinkedIn,text,19036,14827,580,87,58
2024-07-28,X,carousel,39479,28030,789,118,79
2024-07-29,Instagram,carousel,26110,17480,732,110,73
2024-07-29,TikTok,video,37275,28230,919,138,92
2024-07-29,LinkedIn,video,37662,27867,690,103,69
2024-07-29,X,video,19986,11323,447,67,45
2024-07-30,Instagram,text,11826,7671,319,48,32
2024-07-30,TikTok,photo,25185,15423,670,101,67
2024-07-30,LinkedIn,carousel,15902,11296,281,42,28
2024-07-30,X,video,5482,3034,159,24,16
2024-07-31,Instagram,video,33452,23386,1298,195,129
2024-07-31,TikTok,text,35825,25311,760,114,76
2024-07-31,LinkedIn,video,20784,17559,754,113,75
2024-07-31,X,carousel,10158,6251,184,28,18
2024-08-01,Instagram,photo,22805,18789,625,94,62
2024-08-01,TikTok,video,5473,3903,190,28,19
2024-08-01,LinkedIn,carousel,6257,4024,230,34,23
2024-08-01,X,text,21225,16518,346,52,35
2024-08-02,Instagram,photo,18318,13155,596,89,60
2024-08-02,TikTok,photo,6120,3574,211,32,21
2024-08-02,LinkedIn,video,24580,20752,839,126,84
2024-08-02,X,text,20291,13039,572,86,57
2024-08-03,Instagram,photo,34412,26248,937,141,93
2024-08-03,TikTok,photo,38836,24940,1036,155,104
2024-08-03,LinkedIn,photo,19684,16133,509,76,51
2024-08-03,X,text,4735,3210,178,27,18
2024-08-04,Instagram,photo,6874,4251,270,40,27
2024-08-04,TikTok,carousel,17151,13321,574,86,57
2024-08-04,LinkedIn,text,38554,29576,636,95,64
2024-08-04,X,photo,9086,7413,306,46,30
2024-08-05,Instagram,video,4234,3467,138,21,14
2024-08-05,TikTok,video,16432,13729,371,56,37
2024-08-05,LinkedIn,photo,24604,14889,490,73,49
2024-08-05,X,text,12389,10462,438,66,43
2024-08-06,Instagram,photo,21133,16167,617,93,61
2024-08-06,TikTok,video,29253,21060,855,128,86
2024-08-06,LinkedIn,text,29051,19342,1054,158,106
2024-08-06,X,carousel,35589,28522,775,116,78
2024-08-07,Instagram,photo,37705,23335,1435,215,144
2024-08-07,TikTok,video,24771,19266,915,137,92
2024-08-07,LinkedIn,video,4288,2525,129,19,13
2024-08-07,X,carousel,10901,8375,323,48,33
2024-08-08,Instagram,carousel,2947,2348,98,15,9
2024-08-08,TikTok,carousel,8104,5653,223,33,23
2024-08-08,LinkedIn,carousel,15262,9401,409,61,41
2024-08-08,X,photo,31190,20707,1071,161,107
2024-08-09,Instagram,video,8099,4563,214,32,22
2024-08-09,TikTok,photo,3702,2969,113,17,11
2024-08-09,LinkedIn,text,32847,25733,642,96,65
2024-08-09,X,video,29336,18724,694,104,70
2024-08-10,Instagram,video,4015,3315,89,13,9
2024-08-10,TikTok,text,38727,24850,1099,165,110
2024-08-10,LinkedIn,text,31220,22381,551,83,55
2024-08-10,X,text,27621,15643,646,97,65
2024-08-11,Instagram,text,12538,7852,215,32,22
2024-08-11,TikTok,video,12420,7320,378,57,38
2024-08-11,LinkedIn,video,9236,5769,226,34,23
2024-08-11,X,carousel,7096,5263,189,28,19
2024-08-12,Instagram,video,33879,28368,935,140,94
2024-08-12,TikTok,photo,21486,15750,561,84,56
2024-08-12,LinkedIn,photo,11803,9338,460,69,46
2024-08-12,X,carousel,4959,3820,97,15,9
2024-08-13,Instagram,video,29985,19627,530,80,53
2024-08-13,TikTok,text,39462,26439,1358,204,135
2024-08-13,LinkedIn,carousel,37257,28751,1230,185,123
2024-08-13,X,text,21931,12375,663,99,67
2024-08-14,Instagram,text,21922,15140,470,71,47
2024-08-14,TikTok,video,14093,11284,472,71,47
2024-08-14,LinkedIn,carousel,20734,14202,522,78,52
2024-08-14,X,video,5626,4139,198,30,20
2024-08-15,Instagram,carousel,35247,23584,851,128,85
2024-08-15,TikTok,carousel,2709,1685,93,14,9
2024-08-15,LinkedIn,carousel,7550,5343,255,38,26
2024-08-15,X,carousel,23934,14126,777,117,77
2024-08-16,Instagram,photo,7376,5297,264,40,26
2024-08-16,TikTok,carousel,3600,2240,121,18,12
2024-08-16,LinkedIn,carousel,22576,12817,699,105,70
2024-08-16,X,text,20386,12658,372,56,37
2024-08-17,Instagram,text,36975,20854,772,116,77
2024-08-17,TikTok,video,15388,8810,251,38,25
2024-08-17,LinkedIn,carousel,15605,13086,620,93,62
2024-08-17,X,text,25540,20485,964,145,96
2024-08-18,Instagram,text,25315,20896,490,74,49
2024-08-18,TikTok,photo,20405,16801,573,86,57
2024-08-18,LinkedIn,carousel,34739,21971,1378,207,137
2024-08-18,X,video,26347,17990,470,70,47
2024-08-19,Instagram,carousel,39664,28035,1138,171,113
2024-08-19,TikTok,text,6067,3618,202,30,21
2024-08-19,LinkedIn,photo,19752,13713,322,48,32
2024-08-19,X,photo,25530,17384,839,126,84
2024-08-20,Instagram,carousel,30652,24278,888,133,89
2024-08-20,TikTok,carousel,24249,18885,889,133,89
2024-08-20,LinkedIn,carousel,13475,10719,468,70,47
2024-08-20,X,text,24960,16888,450,68,45
2024-08-21,Instagram,photo,5652,4174,185,28,18
2024-08-21,TikTok,carousel,22659,16252,822,123,83
2024-08-21,LinkedIn,text,31165,22681,782,117,78
2024-08-21,X,carousel,9027,6375,316,47,32
2024-08-22,Instagram,text,12150,6933,462,69,46
2024-08-22,TikTok,photo,18216,12956,467,70,47
2024-08-22,LinkedIn,video,5881,4097,142,21,14
2024-08-22,X,carousel,4020,3039,134,20,13
2024-08-23,Instagram,video,7123,5510,217,33,21
2024-08-23,TikTok,carousel,4421,2685,82,12,9
2024-08-23,LinkedIn,photo,37862,30882,1224,184,122
2024-08-23,X,carousel,23500,13064,462,69,46
2024-08-24,Instagram,text,30413,17861,978,147,98
2024-08-24,TikTok,video,10735,8502,297,45,29
2024-08-24,LinkedIn,photo,35898,21516,576,86,58
2024-08-24,X,photo,13670,7836,493,74,49
2024-08-25,Instagram,video,36102,28877,1147,172,115
2024-08-25,TikTok,text,9953,7831,162,24,17
2024-08-25,LinkedIn,carousel,4705,2625,134,20,13
2024-08-25,X,photo,26759,16225,447,67,45
2024-08-26,Instagram,video,27888,23472,935,140,94
2024-08-26,TikTok,photo,15578,13098,338,51,34
2024-08-26,LinkedIn,photo,28308,22368,546,82,55
2024-08-26,X,photo,14390,11205,427,64,43
2024-08-27,Instagram,photo,4459,3026,156,23,16
2024-08-27,TikTok,carousel,27199,22438,964,145,96
2024-08-27,LinkedIn,photo,25402,19761,720,108,72
2024-08-27,X,text,38959,28529,1501,225,150
2024-08-28,Instagram,carousel,18868,11448,539,81,54
2024-08-28,TikTok,carousel,13862,8674,405,61,40
2024-08-28,LinkedIn,carousel,36740,24956,694,104,70
2024-08-28,X,photo,29008,18029,685,103,68
2024-08-29,Instagram,text,9908,7380,266,40,26
2024-08-29,TikTok,text,11447,9604,326,49,33
2024-08-29,LinkedIn,video,18500,15218,430,65,43
2024-08-29,X,carousel,28599,17360,907,136,91
2024-08-30,Instagram,carousel,13488,11183,217,33,21
2024-08-30,TikTok,photo,30045,22939,537,81,53
2024-08-30,LinkedIn,video,15665,9403,380,57,38
2024-08-30,X,video,28694,18627,964,145,96
2024-08-31,Instagram,text,32006,19411,963,144,97
2024-08-31,TikTok,video,37329,22202,1438,216,143
2024-08-31,LinkedIn,text,31394,20790,903,135,91
2024-08-31,X,text,26523,15970,566,85,57
2024-09-01,Instagram,video,17727,14688,554,83,56
2024-09-01,TikTok,video,17931,11099,391,59,39
2024-09-01,LinkedIn,photo,10398,6344,220,33,22
2024-09-01,X,carousel,8962,5444,304,46,30
2024-09-02,Instagram,text,8154,5261,264,40,26
2024-09-02,TikTok,photo,32819,23186,1010,152,101
2024-09-02,LinkedIn,video,12319,7275,454,68,46
2024-09-02,X,text,11914,7003,462,69,47
2024-09-03,Instagram,text,33408,23335,862,129,86
2024-09-03,TikTok,photo,12668,8940,274,41,27
2024-09-03,LinkedIn,text,5099,4025,101,15,10
2024-09-03,X,video,27673,17732,808,121,81
2024-09-04,Instagram,carousel,23598,19260,786,118,79
2024-09-04,TikTok,text,7237,6056,268,40,27
2024-09-04,LinkedIn,text,38359,23963,1532,230,153
2024-09-04,X,video,26306,21901,680,102,68
2024-09-05,Instagram,carousel,20198,14253,718,108,71
2024-09-05,TikTok,carousel,16746,9807,670,100,67
2024-09-05,LinkedIn,text,36771,23597,1130,170,113
2024-09-05,X,text,15026,10395,456,68,46
2024-09-06,Instagram,photo,7424,4809,157,24,15
2024-09-06,TikTok,text,13247,7908,466,70,47
2024-09-06,LinkedIn,photo,11435,9209,351,53,35
2024-09-06,X,photo,21569,17327,575,86,58
2024-09-07,Instagram,video,9607,6632,354,53,35
2024-09-07,TikTok,text,38001,25423,850,127,85
2024-09-07,LinkedIn,text,5257,3126,89,13,9
2024-09-07,X,video,39568,31726,1216,182,122
2024-09-08,Instagram,carousel,36568,27135,744,112,74
2024-09-08,TikTok,photo,32854,24524,718,108,72
2024-09-08,LinkedIn,photo,38319,22859,1007,151,101
2024-09-08,X,photo,11923,7936,236,35,24
2024-09-09,Instagram,photo,28991,19313,533,80,53
2024-09-09,TikTok,video,13610,9727,385,58,38
2024-09-09,LinkedIn,text,15251,12187,572,86,57
2024-09-09,X,video,4186,3392,126,19,12
2024-09-10,Instagram,carousel,31803,21445,630,95,63
2024-09-10,TikTok,photo,15408,12222,551,83,55
2024-09-10,LinkedIn,carousel,12619,8654,254,38,26
2024-09-10,X,photo,35929,24546,1370,206,137
2024-09-11,Instagram,video,25546,20953,749,112,75
2024-09-11,TikTok,photo,38096,27803,1514,227,152
2024-09-11,LinkedIn,video,34286,28422,1109,166,111
2024-09-11,X,text,26117,17125,901,135,90
2024-09-12,Instagram,carousel,23751,18844,494,74,50
2024-09-12,TikTok,text,29605,23500,1130,170,113
2024-09-12,LinkedIn,video,32794,19148,990,149,99
2024-09-12,X,carousel,4491,2777,112,17,11
2024-09-13,Instagram,carousel,18314,11227,642,96,64
2024-09-13,TikTok,carousel,21325,14290,708,106,71
2024-09-13,LinkedIn,video,6738,3922,252,38,25
2024-09-13,X,photo,18936,12766,614,92,62
2024-09-14,Instagram,carousel,38874,28050,1438,216,144
2024-09-14,TikTok,carousel,35481,26715,1156,173,116
2024-09-14,LinkedIn,carousel,22142,16060,590,89,59
2024-09-14,X,carousel,4858,3070,126,19,13
2024-09-15,Instagram,video,22182,12834,830,125,83
2024-09-15,TikTok,video,30506,22562,833,125,83
2024-09-15,LinkedIn,video,5830,3378,100,15,10
2024-09-15,X,carousel,34564,24220,648,97,65
2024-09-16,Instagram,photo,23480,13019,526,79,52
2024-09-16,TikTok,photo,36419,22727,617,93,61
2024-09-16,LinkedIn,text,32807,21911,922,138,92
2024-09-16,X,video,34625,23650,734,110,73
2024-09-17,Instagram,photo,9877,8141,263,39,27
2024-09-17,TikTok,carousel,24193,19133,853,128,85
2024-09-17,LinkedIn,carousel,5627,4308,182,27,18
2024-09-17,X,text,35264,23585,658,99,66
2024-09-18,Instagram,photo,33721,18928,1326,199,133
2024-09-18,TikTok,text,3142,1913,99,15,10
2024-09-18,LinkedIn,photo,17775,10536,525,79,52
2024-09-18,X,text,39725,32940,833,125,83
2024-09-19,Instagram,text,25974,18987,761,114,76
2024-09-19,TikTok,text,4283,2676,70,11,7
2024-09-19,LinkedIn,carousel,33038,26711,797,120,79
2024-09-19,X,video,7645,4665,304,46,30
2024-09-20,Instagram,carousel,7590,4437,142,21,14
2024-09-20,TikTok,video,25722,14338,1008,151,101
2024-09-20,LinkedIn,photo,20879,14713,550,83,55
2024-09-20,X,photo,28438,17818,516,77,52
2024-09-21,Instagram,video,34889,26271,1268,190,127
2024-09-21,TikTok,text,16019,9465,336,50,34
2024-09-21,LinkedIn,carousel,15815,11063,476,71,48
2024-09-21,X,text,38660,25332,930,140,93
2024-09-22,Instagram,video,30927,19805,726,109,73
2024-09-22,TikTok,photo,9570,5441,199,30,20
2024-09-22,LinkedIn,photo,24792,15661,948,142,95
2024-09-22,X,video,33390,21021,1198,180,119
2024-09-23,Instagram,photo,34882,21557,945,142,94
2024-09-23,TikTok,photo,33983,23343,710,106,71
2024-09-23,LinkedIn,carousel,10555,7954,171,26,17
2024-09-23,X,carousel,11603,8500,462,69,47
2024-09-24,Instagram,text,33415,20651,1114,167,112
2024-09-24,TikTok,video,17444,12022,418,63,41
2024-09-24,LinkedIn,carousel,27032,16906,1010,152,101
2024-09-24,X,photo,35548,21013,1126,169,112
2024-09-25,Instagram,carousel,20057,16590,346,52,35
2024-09-25,TikTok,video,38104,21307,1177,177,117
2024-09-25,LinkedIn,video,12698,9001,263,39,27
2024-09-25,X,photo,24115,13729,431,65,43
2024-09-26,Instagram,text,16578,9623,267,40,27
2024-09-26,TikTok,video,3442,2116,63,9,7
2024-09-26,LinkedIn,carousel,39962,26406,806,121,81
2024-09-26,X,carousel,2221,1472,38,6,4
2024-09-27,Instagram,photo,18363,10193,642,96,64
2024-09-27,TikTok,photo,13654,9590,491,74,49
2024-09-27,LinkedIn,photo,32529,20398,1115,167,112
2024-09-27,X,carousel,8178,4834,321,48,32
2024-09-28,Instagram,photo,15787,12062,380,57,38
2024-09-28,TikTok,text,3011,1775,49,7,5
2024-09-28,LinkedIn,text,14786,10886,466,70,47
2024-09-28,X,video,39068,31010,1388,208,139
2024-09-29,Instagram,photo,15592,10132,383,57,39
2024-09-29,TikTok,photo,27250,17977,1077,162,107
2024-09-29,LinkedIn,video,19173,11377,460,69,46
2024-09-29,X,carousel,34120,24630,799,120,80
2024-09-30,Instagram,photo,24257,16457,626,94,63
2024-09-30,TikTok,video,18938,15255,457,69,45
2024-09-30,LinkedIn,carousel,31557,18103,654,98,65
2024-09-30,X,carousel,10084,7390,388,58,39
2024-10-01,Instagram,text,31379,19858,1223,183,123
2024-10-01,TikTok,video,36852,30318,1448,217,145
2024-10-01,LinkedIn,photo,12604,9029,369,55,37
2024-10-01,X,video,6609,4521,107,16,11
2024-10-02,Instagram,carousel,31043,18839,822,123,82
2024-10-02,TikTok,text,21353,17161,406,61,41
2024-10-02,LinkedIn,carousel,33165,27141,1104,166,110
2024-10-02,X,carousel,31615,19810,1058,159,105
2024-10-03,Instagram,video,5202,4156,122,18,12
2024-10-03,TikTok,text,5761,3638,158,24,15
2024-10-03,LinkedIn,text,29637,24541,530,80,53
2024-10-03,X,photo,6663,3989,146,22,15
2024-10-04,Instagram,video,21048,14860,406,61,41
2024-10-04,TikTok,text,23732,15977,480,72,48
2024-10-04,LinkedIn,text,15348,9808,296,44,30
2024-10-04,X,video,16343,11767,552,83,55
2024-10-05,Instagram,carousel,24386,17478,766,115,76
2024-10-05,TikTok,video,16628,11213,638,96,63
2024-10-05,LinkedIn,text,25929,20325,779,117,78
2024-10-05,X,carousel,25638,17562,694,104,70
2024-10-06,Instagram,video,13015,9187,445,67,44
2024-10-06,TikTok,photo,6895,5184,120,18,12
2024-10-06,LinkedIn,carousel,26688,19425,667,100,67
2024-10-06,X,carousel,15302,11579,540,81,54
2024-10-07,Instagram,video,20097,14625,662,99,66
2024-10-07,TikTok,text,5440,3200,158,24,16
2024-10-07,LinkedIn,carousel,9984,7615,342,51,35
2024-10-07,X,carousel,3236,2138,80,12,8
2024-10-08,Instagram,video,21535,17443,370,56,37
2024-10-08,TikTok,text,33005,23949,615,92,62
2024-10-08,LinkedIn,video,16608,9973,419,63,42
2024-10-08,X,carousel,27864,16123,448,67,45
2024-10-09,Instagram,carousel,33346,24919,1145,172,114
2024-10-09,TikTok,text,27536,15384,626,94,62
2024-10-09,LinkedIn,video,5149,3434,122,18,12
2024-10-09,X,text,17504,11238,666,100,67
2024-10-10,Instagram,photo,19038,15140,436,65,44
2024-10-10,TikTok,text,17567,14566,463,69,47
2024-10-10,LinkedIn,photo,25377,17661,483,72,49
2024-10-10,X,video,39747,28864,1302,195,130
2024-10-11,Instagram,video,24985,14093,757,114,75
2024-10-11,TikTok,video,29590,21284,1094,164,110
2024-10-11,LinkedIn,carousel,11613,8389,454,68,45
2024-10-11,X,video,18830,15886,470,71,47
2024-10-12,Instagram,photo,11801,7224,262,39,26
2024-10-12,TikTok,carousel,33432,21580,1252,188,125
2024-10-12,LinkedIn,video,32108,18517,962,144,97
2024-10-12,X,photo,23012,14687,648,97,65
2024-10-13,Instagram,text,27715,20512,774,116,77
2024-10-13,TikTok,photo,39628,21887,1421,213,142
2024-10-13,LinkedIn,video,6411,3707,170,26,17
2024-10-13,X,video,19947,13537,429,64,43
2024-10-14,Instagram,video,39945,27337,888,133,89
2024-10-14,TikTok,video,6794,4117,129,19,13
2024-10-14,LinkedIn,carousel,30755,22412,1042,156,104
2024-10-14,X,photo,12063,9073,285,43,28
2024-10-15,Instagram,carousel,32076,26012,726,109,72
2024-10-15,TikTok,carousel,15012,10334,386,58,39
2024-10-15,LinkedIn,carousel,19420,15670,547,82,55
2024-10-15,X,carousel,19933,11132,440,66,44
2024-10-16,Instagram,carousel,25432,18037,478,72,48
2024-10-16,TikTok,video,21193,16754,606,91,61
2024-10-16,LinkedIn,photo,30119,22932,932,140,93
2024-10-16,X,video,27651,19453,630,95,63
2024-10-17,Instagram,photo,24454,19211,545,82,54
2024-10-17,TikTok,video,32456,26179,1017,153,101
2024-10-17,LinkedIn,photo,19362,15581,739,111,74
2024-10-17,X,text,4208,2916,116,17,12
2024-10-18,Instagram,carousel,38071,21221,756,113,76
2024-10-18,TikTok,video,13507,8475,300,45,30
2024-10-18,LinkedIn,photo,15842,9622,346,52,35
2024-10-18,X,carousel,38868,32128,1387,208,139
2024-10-19,Instagram,carousel,25078,21228,579,87,58
2024-10-19,TikTok,photo,22011,18369,524,79,52
2024-10-19,LinkedIn,video,27802,16436,763,114,77
2024-10-19,X,photo,20537,16243,436,65,44
2024-10-20,Instagram,carousel,29511,16911,643,96,65
2024-10-20,TikTok,video,39965,27715,886,133,89
2024-10-20,LinkedIn,video,26412,21739,833,125,83
2024-10-20,X,carousel,39149,25603,1204,181,120
2024-10-21,Instagram,text,12021,9009,404,61,40
2024-10-21,TikTok,video,33075,21435,551,83,55
2024-10-21,LinkedIn,video,5147,4165,202,30,20
2024-10-21,X,video,27028,17805,450,67,45
2024-10-22,Instagram,photo,23249,15663,777,117,77
2024-10-22,TikTok,carousel,10132,6219,214,32,22
2024-10-22,LinkedIn,photo,39160,30861,1463,219,147
2024-10-22,X,video,8273,5929,254,38,26
2024-10-23,Instagram,carousel,35200,25473,944,142,94
2024-10-23,TikTok,video,6387,4290,114,17,11
2024-10-23,LinkedIn,video,2653,1658,55,8,6
2024-10-23,X,photo,6131,4916,207,31,21
2024-10-24,Instagram,video,38622,25119,1074,161,107
2024-10-24,TikTok,video,28925,16256,874,131,87
2024-10-24,LinkedIn,photo,8259,6653,142,21,14
2024-10-24,X,video,26367,19624,443,66,45
2024-10-25,Instagram,carousel,26376,15087,950,143,95
2024-10-25,TikTok,carousel,2035,1380,60,9,6
2024-10-25,LinkedIn,carousel,10414,7589,170,26,17
2024-10-25,X,photo,2644,1650,71,11,7
2024-10-26,Instagram,video,14813,11369,570,86,57
2024-10-26,TikTok,carousel,16597,10957,510,77,51
2024-10-26,LinkedIn,text,16730,10070,349,52,35
2024-10-26,X,text,7897,4458,194,29,19
2024-10-27,Instagram,video,27152,15492,950,142,95
2024-10-27,TikTok,video,9445,6506,227,34,23
2024-10-27,LinkedIn,video,33372,21142,740,111,74
2024-10-27,X,photo,9706,8028,280,42,28
2024-10-28,Instagram,photo,38849,21872,1533,230,153
2024-10-28,TikTok,video,12750,8655,289,43,29
2024-10-28,LinkedIn,photo,10433,8631,282,42,29
2024-10-28,X,video,5674,3994,134,20,14
2024-10-29,Instagram,text,36977,21037,1247,187,125
2024-10-29,TikTok,photo,23391,15750,396,59,40
2024-10-29,LinkedIn,text,15309,11880,534,80,53
2024-10-29,X,carousel,6800,4842,209,31,21
2024-10-30,Instagram,video,3597,2331,61,9,6
2024-10-30,TikTok,photo,24329,15495,586,88,58
2024-10-30,LinkedIn,video,26074,17081,1009,151,101
2024-10-30,X,text,20854,12246,809,121,81
2024-10-31,Instagram,photo,13141,7755,404,61,40
2024-10-31,TikTok,photo,5987,5088,103,15,11
2024-10-31,LinkedIn,carousel,28854,20672,791,119,79
2024-10-31,X,video,35753,20653,1069,160,107
2024-11-01,Instagram,text,25775,15663,448,67,45
2024-11-01,TikTok,video,25621,20541,604,91,60
2024-11-01,LinkedIn,video,39204,30664,1367,205,137
2024-11-01,X,carousel,2934,1871,83,12,9
2024-11-02,Instagram,text,22782,18925,838,126,84
2024-11-02,TikTok,carousel,38695,30377,1120,168,112
2024-11-02,LinkedIn,carousel,9478,6050,202,30,21
2024-11-02,X,carousel,10734,8817,325,49,32
2024-11-03,Instagram,video,27937,22345,784,118,78
2024-11-03,TikTok,video,34258,27034,963,144,97
2024-11-03,LinkedIn,text,2213,1613,42,6,5
2024-11-03,X,photo,39759,30885,1168,175,117
2024-11-04,Instagram,photo,14878,11314,404,61,40
2024-11-04,TikTok,text,18316,10877,475,71,48
2024-11-04,LinkedIn,carousel,21497,16095,826,124,83
2024-11-04,X,photo,22260,16454,402,60,41
2024-11-05,Instagram,photo,4485,2495,109,16,11
2024-11-05,TikTok,text,35214,26880,1374,206,137
2024-11-05,LinkedIn,carousel,34343,21934,682,102,68
2024-11-05,X,text,15512,11244,579,87,58
2024-11-06,Instagram,text,10252,6385,383,57,39
2024-11-06,TikTok,carousel,36999,23671,921,138,92
2024-11-06,LinkedIn,photo,30069,20389,868,130,87
2024-11-06,X,photo,33188,20752,1126,169,112
2024-11-07,Instagram,video,21665,12606,386,58,38
2024-11-07,TikTok,text,18808,15744,525,79,52
2024-11-07,LinkedIn,video,3670,2492,62,9,7
2024-11-07,X,video,28727,17247,862,129,86
2024-11-08,Instagram,carousel,25572,21341,498,75,50
2024-11-08,TikTok,photo,2234,1418,82,12,8
2024-11-08,LinkedIn,photo,15196,10337,595,89,60
2024-11-08,X,photo,30719,17587,882,132,89
2024-11-09,Instagram,carousel,27564,15308,903,135,91
2024-11-09,TikTok,text,18705,14429,616,92,62
2024-11-09,LinkedIn,text,21122,15641,833,125,83
2024-11-09,X,photo,12274,7613,486,73,48
2024-11-10,Instagram,photo,35347,27778,1192,179,119
2024-11-10,TikTok,carousel,16856,14142,308,46,31
2024-11-10,LinkedIn,carousel,9726,7126,197,30,19
2024-11-10,X,photo,26400,20383,841,126,84
2024-11-11,Instagram,text,4114,2586,138,21,14
2024-11-11,TikTok,photo,35910,20683,1383,207,139
2024-11-11,LinkedIn,photo,22465,16559,455,68,46
2024-11-11,X,text,37373,29899,1214,182,121
2024-11-12,Instagram,photo,9930,6359,326,49,32
2024-11-12,TikTok,text,37045,20797,654,98,66
2024-11-12,LinkedIn,video,23348,19518,454,68,46
2024-11-12,X,photo,18119,11118,562,84,57
2024-11-13,Instagram,video,5094,4212,110,16,11
2024-11-13,TikTok,text,38774,31356,909,136,91
2024-11-13,LinkedIn,video,34313,20805,1270,190,127
2024-11-13,X,carousel,9584,6263,285,43,28
2024-11-14,Instagram,carousel,29522,21709,882,132,89
2024-11-14,TikTok,text,24320,13599,698,105,69
2024-11-14,LinkedIn,photo,4597,3284,167,25,17
2024-11-14,X,carousel,28111,22071,574,86,57
2024-11-15,Instagram,text,4121,3087,138,21,13
2024-11-15,TikTok,photo,38991,30257,1283,192,129
2024-11-15,LinkedIn,carousel,22120,13474,519,78,52
2024-11-15,X,text,10813,7492,374,56,37
2024-11-16,Instagram,carousel,18163,12371,478,72,48
2024-11-16,TikTok,carousel,21550,13747,857,129,85
2024-11-16,LinkedIn,video,30850,22080,718,108,71
2024-11-16,X,photo,26952,15449,658,99,65
2024-11-17,Instagram,video,8660,6647,200,30,20
2024-11-17,TikTok,photo,15597,9870,538,81,54
2024-11-17,LinkedIn,text,4186,3055,142,21,15
2024-11-17,X,video,33309,20950,1086,163,109
2024-11-18,Instagram,photo,9739,5471,351,53,35
2024-11-18,TikTok,text,38943,21486,1308,196,131
2024-11-18,LinkedIn,video,4328,2644,122,18,13
2024-11-18,X,carousel,9562,5381,247,37,25
2024-11-19,Instagram,carousel,22018,18229,630,94,63
2024-11-19,TikTok,carousel,28977,22672,1105,166,110
2024-11-19,LinkedIn,text,13655,9233,370,55,37
2024-11-19,X,text,17663,10085,706,106,71
2024-11-20,Instagram,photo,33980,21566,1262,189,127
2024-11-20,TikTok,video,16052,9682,567,85,57
2024-11-20,LinkedIn,text,32098,25500,912,137,91
2024-11-20,X,carousel,33207,27801,1261,189,126
2024-11-21,Instagram,photo,5346,4005,151,23,15
2024-11-21,TikTok,video,30854,20875,745,112,74
2024-11-21,LinkedIn,photo,22515,17551,759,114,76
2024-11-21,X,carousel,4811,3495,150,22,15
2024-11-22,Instagram,photo,2456,1795,50,7,5
2024-11-22,TikTok,text,11776,8752,194,29,20
2024-11-22,LinkedIn,carousel,8067,6328,200,30,20
2024-11-22,X,text,27493,18649,891,134,89
2024-11-23,Instagram,photo,29639,24426,1094,164,109
2024-11-23,TikTok,carousel,16298,10030,639,96,64
2024-11-23,LinkedIn,video,17594,13979,657,99,65
2024-11-23,X,video,22036,17659,762,114,77
2024-11-24,Instagram,video,12587,6974,458,69,46
2024-11-24,TikTok,video,14355,8199,560,84,56
2024-11-24,LinkedIn,carousel,30989,22376,584,88,58
2024-11-24,X,video,22374,14910,786,118,78
2024-11-25,Instagram,video,9735,6022,327,49,33
2024-11-25,TikTok,text,23721,20107,674,101,67
2024-11-25,LinkedIn,video,38569,30826,835,125,84
2024-11-25,X,carousel,6959,4178,263,39,27
2024-11-26,Instagram,text,5633,3282,162,24,17
2024-11-26,TikTok,photo,17375,14508,678,102,68
2024-11-26,LinkedIn,photo,24459,18890,897,135,89
2024-11-26,X,text,34144,19809,1038,156,103
2024-11-27,Instagram,carousel,8318,6422,282,42,29
2024-11-27,TikTok,video,20880,13995,567,85,57
2024-11-27,LinkedIn,video,25957,15450,487,73,49
2024-11-27,X,text,35550,22264,1213,182,121
2024-11-28,Instagram,video,32697,18553,828,124,83
2024-11-28,TikTok,text,19762,14444,380,57,38
2024-11-28,LinkedIn,video,2917,2402,94,14,10
2024-11-28,X,text,27444,16376,906,136,91
2024-11-29,Instagram,photo,7913,4728,141,21,14
2024-11-29,TikTok,carousel,18876,15643,327,49,33
2024-11-29,LinkedIn,text,11121,6756,414,62,41
2024-11-29,X,photo,18117,10516,427,64,43
2024-11-30,Instagram,photo,26728,19594,478,72,48
2024-11-30,TikTok,photo,25790,15567,635,95,64
2024-11-30,LinkedIn,video,33650,26486,1109,166,111
2024-11-30,X,carousel,29256,20233,470,71,47
2024-12-01,Instagram,carousel,24890,19441,633,95,63
2024-12-01,TikTok,text,34153,27905,786,118,79
2024-12-01,LinkedIn,carousel,2265,1550,86,13,8
2024-12-01,X,video,3317,1867,121,18,12
2024-12-02,Instagram,text,30517,17629,1068,160,107
2024-12-02,TikTok,carousel,7074,5279,159,24,16
2024-12-02,LinkedIn,text,8782,5256,150,23,15
2024-12-02,X,carousel,14906,9523,462,69,47
2024-12-03,Instagram,video,33463,22843,1254,188,125
2024-12-03,TikTok,video,12497,8468,486,73,48
2024-12-03,LinkedIn,photo,22442,15665,667,100,67
2024-12-03,X,video,26149,20168,972,146,97
2024-12-04,Instagram,video,6699,4506,144,22,14
2024-12-04,TikTok,text,16574,13267,378,57,38
2024-12-04,LinkedIn,carousel,25288,20638,923,138,93
2024-12-04,X,text,22067,13482,877,132,87
2024-12-05,Instagram,photo,3688,2712,85,13,8
2024-12-05,TikTok,photo,19042,13351,568,85,57
2024-12-05,LinkedIn,text,33542,28291,761,114,76
2024-12-05,X,carousel,31955,19261,673,101,67
2024-12-06,Instagram,text,27755,15623,848,127,85
2024-12-06,TikTok,text,36595,24015,1079,162,108
2024-12-06,LinkedIn,video,4979,4093,114,17,11
2024-12-06,X,carousel,36753,21272,1264,190,126
2024-12-07,Instagram,video,15468,9990,546,82,54
2024-12-07,TikTok,carousel,10262,8486,278,42,28
2024-12-07,LinkedIn,photo,12303,9098,327,49,33
2024-12-07,X,text,28421,21382,1063,159,107
2024-12-08,Instagram,photo,10007,5672,318,48,32
2024-12-08,TikTok,video,16782,12621,287,43,29
2024-12-08,LinkedIn,text,36518,22708,1032,155,103
2024-12-08,X,photo,31320,19157,1178,177,118
2024-12-09,Instagram,photo,30547,18151,616,92,62
2024-12-09,TikTok,text,23977,15408,780,117,78
2024-12-09,LinkedIn,carousel,26307,16527,734,110,74
2024-12-09,X,photo,9578,7792,211,32,21
2024-12-10,Instagram,text,17622,10152,550,82,55
2024-12-10,TikTok,video,26127,15019,694,104,70
2024-12-10,LinkedIn,video,33405,28201,1114,167,112
2024-12-10,X,carousel,2471,1426,75,11,8
2024-12-11,Instagram,video,6512,4128,207,31,21
2024-12-11,TikTok,carousel,27348,15982,494,74,50
2024-12-11,LinkedIn,text,5976,4634,223,33,23
2024-12-11,X,carousel,31799,24750,1178,177,117
2024-12-12,Instagram,carousel,34611,22706,796,119,80
2024-12-12,TikTok,carousel,24964,18970,526,79,53
2024-12-12,LinkedIn,carousel,37988,24372,725,109,72
2024-12-12,X,photo,9253,6865,222,33,23
2024-12-13,Instagram,carousel,10799,7472,181,27,18
2024-12-13,TikTok,video,30884,22754,686,103,69
2024-12-13,LinkedIn,carousel,10581,6032,190,28,19
2024-12-13,X,photo,23801,17544,738,111,73
2024-12-14,Instagram,video,2826,2106,107,16,11
2024-12-14,TikTok,photo,16973,11728,514,77,52
2024-12-14,LinkedIn,video,31456,21695,1217,183,121
2024-12-14,X,carousel,21054,12005,764,115,76
2024-12-15,Instagram,text,30681,17444,916,137,92
2024-12-15,TikTok,carousel,12433,10354,370,56,37
2024-12-15,LinkedIn,video,38234,23881,1116,167,112
2024-12-15,X,photo,14647,8477,451,68,45
2024-12-16,Instagram,text,11967,7850,278,42,28
2024-12-16,TikTok,text,11174,6708,338,51,33
2024-12-16,LinkedIn,video,9843,7754,254,38,26
2024-12-16,X,photo,31608,26083,608,91,61
2024-12-17,Instagram,carousel,11279,9448,207,31,21
2024-12-17,TikTok,carousel,31192,17274,622,93,62
2024-12-17,LinkedIn,photo,25888,17474,907,136,91
2024-12-17,X,photo,19740,11658,430,64,43
2024-12-18,Instagram,video,33577,22616,1147,172,115
2024-12-18,TikTok,photo,21936,14668,861,129,86
2024-12-18,LinkedIn,carousel,22027,16707,763,114,77
2024-12-18,X,video,20991,11931,574,86,58
2024-12-19,Instagram,photo,7557,5642,286,43,29
2024-12-19,TikTok,text,37696,27509,1441,216,144
2024-12-19,LinkedIn,photo,39346,30714,930,140,93
2024-12-19,X,video,2830,1580,55,8,6
2024-12-20,Instagram,video,35038,23022,654,98,65
2024-12-20,TikTok,photo,30966,22449,684,103,68
2024-12-20,LinkedIn,photo,17730,13259,417,63,41
2024-12-20,X,text,31625,24028,806,121,81
2024-12-21,Instagram,carousel,32323,19909,1183,177,119
2024-12-21,TikTok,carousel,25827,16502,739,111,74
2024-12-21,LinkedIn,carousel,7248,5249,230,34,23
2024-12-21,X,photo,28010,18656,618,93,62
2024-12-22,Instagram,photo,17581,11232,578,87,57
2024-12-22,TikTok,text,25318,21440,858,129,85
2024-12-22,LinkedIn,video,37518,23465,870,131,87
2024-12-22,X,carousel,16272,10702,535,80,54
2024-12-23,Instagram,text,18225,11661,414,62,42
2024-12-23,TikTok,carousel,32812,23233,835,125,84
2024-12-23,LinkedIn,text,25084,15355,604,91,60
2024-12-23,X,photo,31716,18917,1075,161,108
2024-12-24,Instagram,video,16280,13428,414,62,41
2024-12-24,TikTok,video,35391,26903,996,149,100
2024-12-24,LinkedIn,text,22797,13318,386,58,38
2024-12-24,X,photo,28042,22966,759,114,76
2024-12-25,Instagram,text,7761,4547,133,20,13
2024-12-25,TikTok,photo,25219,17965,842,126,84
2024-12-25,LinkedIn,video,13182,7566,504,76,50
2024-12-25,X,video,12726,9297,226,34,22
2024-12-26,Instagram,video,24051,16698,702,105,70
2024-12-26,TikTok,video,20923,15471,518,78,51
2024-12-26,LinkedIn,carousel,5821,4892,210,32,21
2024-12-26,X,text,30387,21238,490,73,49
2024-12-27,Instagram,photo,39270,27292,1136,170,114
2024-12-27,TikTok,video,12961,8754,356,53,36
2024-12-27,LinkedIn,carousel,20720,15806,826,124,83
2024-12-27,X,video,32167,20840,1247,187,125
2024-12-28,Instagram,photo,29654,23719,522,78,52
2024-12-28,TikTok,photo,23001,16272,873,131,87
2024-12-28,LinkedIn,photo,33688,24733,573,86,57
2024-12-28,X,carousel,11102,8340,425,64,42
2024-12-29,Instagram,carousel,32931,25742,1042,156,104
2024-12-29,TikTok,carousel,11294,6430,285,43,28
2024-12-29,LinkedIn,carousel,35714,26975,684,103,68
2024-12-29,X,text,23504,14720,577,87,57
2024-12-30,Instagram,carousel,17693,11815,430,65,43
2024-12-30,TikTok,video,12052,10069,342,51,35
2024-12-30,LinkedIn,photo,16336,13535,646,97,65
2024-12-30,X,text,20327,12764,373,56,37
